{
    "test_accuracy": 97.45173745173746,
    "test_loss": 0.08389966216090676,
    "test_IoU": 0.694420731162901
}