{
    "test_accuracy": 97.51930501930501,
    "test_loss": 0.0778032172899578,
    "test_IoU": 0.7364029840490715
}