{
    "test_accuracy": 97.5,
    "test_loss": 0.07821601827019525,
    "test_IoU": 0.7336985358663249
}