{
    "test_accuracy": 96.79054054054053,
    "test_loss": 0.0975121099524844,
    "test_IoU": 0.696490294688347
}