{
    "test_accuracy": 96.73745173745174,
    "test_loss": 0.09717154004151164,
    "test_IoU": 0.6886419303540359
}