{
    "micro_IoU": 0.9490179847994582,
    "micro_Precision": 0.9738422038184591,
    "micro_Recall": 0.9738422038184591,
    "micro_F1-score": 0.9738422038184591,
    "MACRO_IoU": 0.7190788468265497,
    "MACRO_Precision": 0.8348382973483612,
    "MACRO_Recall": 0.8010826889428646,
    "MACRO_F1-score": 0.814675848520982,
    "Accuracy": 0.9738422038184591
}