{
    "micro_IoU": 0.9388597254582713,
    "micro_Precision": 0.9684658597324376,
    "micro_Recall": 0.9684658597324376,
    "micro_F1-score": 0.9684658597324376,
    "MACRO_IoU": 0.6897567284078978,
    "MACRO_Precision": 0.8176500916599885,
    "MACRO_Recall": 0.7762858724514929,
    "MACRO_F1-score": 0.7924753371737958,
    "Accuracy": 0.9684658597324376
}