{
    "test_accuracy": 88.13082298136646,
    "test_loss": 0.3933114603809689,
    "test_IoU": 0.37524624588469463
}