{
    "test_accuracy": 88.41226708074534,
    "test_loss": 0.3735634176905112,
    "test_IoU": 0.4231115411911651
}