{
    "test_accuracy": 90.9697543263288,
    "test_loss": 0.29186898683991036,
    "test_IoU": 0.44823406322539155
}