{
    "test_accuracy": 97.41795366795367,
    "test_loss": 0.10825518753457192,
    "test_IoU": 0.6981902408575218
}