{
    "test_accuracy": 97.8088803088803,
    "test_loss": 0.09710416180781598,
    "test_IoU": 0.7529737294896577
}