{
    "test_accuracy": 97.53378378378378,
    "test_loss": 0.09477691962883128,
    "test_IoU": 0.7530351425309443
}