{
    "1": {
        "train_loss": 0.31474196514158825,
        "train_accuracy": 91.13832389289392,
        "train_IoU": 0.33725177463641187,
        "val_accuracy": 94.0281540247678,
        "val_loss": 0.1674470793190571,
        "val_IoU": 0.38989598330092334
    }
}