{
    "1": {
        "train_loss": 0.7377275373825097,
        "train_accuracy": 79.89368556701031,
        "train_IoU": 0.237302622821552,
        "val_accuracy": 92.78920807453416,
        "val_loss": 0.21014792421219516,
        "val_IoU": 0.34178991915043855
    },
    "2": {
        "train_loss": 0.18160386091655056,
        "train_accuracy": 94.07377577319588,
        "train_IoU": 0.3703035729345139,
        "val_accuracy": 93.88101708074534,
        "val_loss": 0.1940265931420445,
        "val_IoU": 0.3928644812717125
    }
}