{
    "1": {
        "train_loss": 0.6550066660778893,
        "train_accuracy": 77.08789263645725,
        "train_IoU": 0.15527304432748554,
        "val_accuracy": 80.98877708978328,
        "val_loss": 0.4461525609434205,
        "val_IoU": 0.2136904912573716
    }
}