{
    "1": {
        "train_loss": 0.6465341866507468,
        "train_accuracy": 77.87638388259526,
        "train_IoU": 0.17082947575106927,
        "val_accuracy": 81.79179566563468,
        "val_loss": 0.4344953178621297,
        "val_IoU": 0.237081293749443
    }
}