{
    "1": {
        "train_loss": 0.9165228133349693,
        "train_accuracy": 76.5068100814664,
        "train_IoU": 0.17766116053047468,
        "val_accuracy": 92.53738496932516,
        "val_loss": 0.2405166336409519,
        "val_IoU": 0.31302035093104014
    }
}