{
    "1": {
        "train_loss": 0.46985704700664155,
        "train_accuracy": 87.80444587628867,
        "train_IoU": 0.24981876662904184,
        "val_accuracy": 93.46370341614907,
        "val_loss": 0.18967381513081727,
        "val_IoU": 0.3509693821976406
    }
}