{
    "micro_IoU": 0.840887570793061,
    "micro_Precision": 0.913567546583851,
    "micro_Recall": 0.913567546583851,
    "micro_F1-score": 0.913567546583851,
    "MACRO_IoU": 0.4418166105753155,
    "MACRO_Precision": 0.531266289395701,
    "MACRO_Recall": 0.5908538377093184,
    "MACRO_F1-score": 0.5458391231462154,
    "Accuracy": 0.913567546583851
}