{
    "test_accuracy": 97.09473481009604,
    "test_loss": 0.14588055005897113,
    "test_IoU": 0.6647814985247033
}