{
    "test_accuracy": 97.86689831571836,
    "test_loss": 0.09961374046318347,
    "test_IoU": 0.7750541301496494
}