{
    "test_accuracy": 97.44220838762608,
    "test_loss": 0.11035949468467512,
    "test_IoU": 0.7465184911221884
}