{
    "1": {
        "train_loss": 0.10396694758646158,
        "train_accuracy": 96.62108537108537,
        "train_IoU": 0.6715452897125886,
        "val_accuracy": 97.11243022376654,
        "val_loss": 0.08194135759819166,
        "val_IoU": 0.7046710260442727
    },
    "2": {
        "train_loss": 0.035082805803168284,
        "train_accuracy": 98.35049335049335,
        "train_IoU": 0.8251502640912148,
        "val_accuracy": 97.06095265672506,
        "val_loss": 0.08358286276034273,
        "val_IoU": 0.7013012763176856
    },
    "3": {
        "train_loss": 0.02749396086697302,
        "train_accuracy": 98.5526598026598,
        "train_IoU": 0.853658476168583,
        "val_accuracy": 97.02717050335409,
        "val_loss": 0.08734254792635422,
        "val_IoU": 0.6989631516318878
    },
    "4": {
        "train_loss": 0.023922056252297957,
        "train_accuracy": 98.69047619047619,
        "train_IoU": 0.8699794248449295,
        "val_accuracy": 97.02234448144395,
        "val_loss": 0.09066497065498655,
        "val_IoU": 0.6992120662782703
    },
    "5": {
        "train_loss": 0.02026122217582746,
        "train_accuracy": 98.82775632775633,
        "train_IoU": 0.8835039992112843,
        "val_accuracy": 97.02395315541399,
        "val_loss": 0.09468620459270312,
        "val_IoU": 0.7097270823865898
    },
    "6": {
        "train_loss": 0.017410965480566223,
        "train_accuracy": 98.98273273273274,
        "train_IoU": 0.9018737908828065,
        "val_accuracy": 97.07060470054533,
        "val_loss": 0.10083131325467574,
        "val_IoU": 0.7073601686883071
    },
    "7": {
        "train_loss": 0.015308434842473961,
        "train_accuracy": 99.06853281853282,
        "train_IoU": 0.9084514423241876,
        "val_accuracy": 96.9998230458633,
        "val_loss": 0.10303232742357546,
        "val_IoU": 0.7013351461824622
    },
    "8": {
        "train_loss": 0.013971854394924434,
        "train_accuracy": 99.14628914628915,
        "train_IoU": 0.9202056621432572,
        "val_accuracy": 97.07060470054533,
        "val_loss": 0.10815010584221103,
        "val_IoU": 0.706670361497981
    },
    "9": {
        "train_loss": 0.012461282756438761,
        "train_accuracy": 99.22297297297298,
        "train_IoU": 0.9279652565571335,
        "val_accuracy": 97.07382204848544,
        "val_loss": 0.11071913130102307,
        "val_IoU": 0.6992508621101357
    },
    "10": {
        "train_loss": 0.011676421394816481,
        "train_accuracy": 99.24495924495925,
        "train_IoU": 0.9283182065166246,
        "val_accuracy": 97.09634348406608,
        "val_loss": 0.11563659861608139,
        "val_IoU": 0.7062035471245476
    },
    "11": {
        "train_loss": 0.009849112684705504,
        "train_accuracy": 99.36400686400685,
        "train_IoU": 0.938095739825798,
        "val_accuracy": 96.9097373035407,
        "val_loss": 0.12241088601433832,
        "val_IoU": 0.6937474013571239
    },
    "12": {
        "train_loss": 0.009667114677458906,
        "train_accuracy": 99.37097812097812,
        "train_IoU": 0.9402831201637589,
        "val_accuracy": 96.93386741309139,
        "val_loss": 0.12586099970577957,
        "val_IoU": 0.7033509822863883
    },
    "13": {
        "train_loss": 0.00899069459451333,
        "train_accuracy": 99.44229944229944,
        "train_IoU": 0.9425756434689869,
        "val_accuracy": 96.96925824043241,
        "val_loss": 0.1289689963651266,
        "val_IoU": 0.7060623590907902
    },
    "14": {
        "train_loss": 0.007999046941779775,
        "train_accuracy": 99.47554697554698,
        "train_IoU": 0.9480941799038533,
        "val_accuracy": 96.98534498013288,
        "val_loss": 0.13051082996877664,
        "val_IoU": 0.7077344606294076
    },
    "15": {
        "train_loss": 0.007498312152070576,
        "train_accuracy": 99.51898326898328,
        "train_IoU": 0.9545608213009158,
        "val_accuracy": 96.92904139118124,
        "val_loss": 0.13545208178719798,
        "val_IoU": 0.7051938131211035
    },
    "16": {
        "train_loss": 0.007293050006887244,
        "train_accuracy": 99.52380952380952,
        "train_IoU": 0.9518582256280821,
        "val_accuracy": 97.01269243762367,
        "val_loss": 0.13838460847929487,
        "val_IoU": 0.7074431523893997
    },
    "17": {
        "train_loss": 0.0071856691355366925,
        "train_accuracy": 99.52863577863577,
        "train_IoU": 0.9541339341634456,
        "val_accuracy": 96.92904139118124,
        "val_loss": 0.14270806837477973,
        "val_IoU": 0.7070236158568809
    },
    "18": {
        "train_loss": 0.0058833370921758926,
        "train_accuracy": 99.63749463749464,
        "train_IoU": 0.9645683495072989,
        "val_accuracy": 97.03521387320431,
        "val_loss": 0.1469347053329621,
        "val_IoU": 0.7074483545663812
    },
    "19": {
        "train_loss": 0.006058097173553394,
        "train_accuracy": 99.59942084942085,
        "train_IoU": 0.9563457726253912,
        "val_accuracy": 96.95638884867203,
        "val_loss": 0.14765898941107253,
        "val_IoU": 0.7058773331328942
    },
    "20": {
        "train_loss": 0.005880340971001004,
        "train_accuracy": 99.62837837837839,
        "train_IoU": 0.9616055604217493,
        "val_accuracy": 96.9483454788218,
        "val_loss": 0.1524916730696933,
        "val_IoU": 0.7056192379589609
    },
    "21": {
        "train_loss": 0.004958924223870436,
        "train_accuracy": 99.67878592878593,
        "train_IoU": 0.9688654765213235,
        "val_accuracy": 96.92582404324116,
        "val_loss": 0.16078561610545722,
        "val_IoU": 0.7032258825265935
    },
    "22": {
        "train_loss": 0.0052237661627647135,
        "train_accuracy": 99.64875589875591,
        "train_IoU": 0.9628807307159672,
        "val_accuracy": 96.91295465148079,
        "val_loss": 0.1571841746303508,
        "val_IoU": 0.699609547951576
    },
    "23": {
        "train_loss": 0.005282701626406138,
        "train_accuracy": 99.63213213213213,
        "train_IoU": 0.9633711865017967,
        "val_accuracy": 96.96604089249232,
        "val_loss": 0.16173105869280996,
        "val_IoU": 0.7026770865841874
    },
    "24": {
        "train_loss": 0.004865643958670612,
        "train_accuracy": 99.7018447018447,
        "train_IoU": 0.9692466094226349,
        "val_accuracy": 97.06738735260525,
        "val_loss": 0.1615219251666513,
        "val_IoU": 0.6997555469653518
    },
    "25": {
        "train_loss": 0.004794190228603319,
        "train_accuracy": 99.6900471900472,
        "train_IoU": 0.972066206338218,
        "val_accuracy": 96.98051895822275,
        "val_loss": 0.16396290635910002,
        "val_IoU": 0.7067409640897704
    },
    "26": {
        "train_loss": 0.004153569584411641,
        "train_accuracy": 99.7420634920635,
        "train_IoU": 0.9723848922166809,
        "val_accuracy": 96.94995415279185,
        "val_loss": 0.16723818052296596,
        "val_IoU": 0.7003990396935286
    },
    "27": {
        "train_loss": 0.004551713847993372,
        "train_accuracy": 99.71149721149722,
        "train_IoU": 0.9682172540539993,
        "val_accuracy": 96.9065199556006,
        "val_loss": 0.17377959910831467,
        "val_IoU": 0.6964731703826554
    },
    "28": {
        "train_loss": 0.004265695662858754,
        "train_accuracy": 99.73509223509224,
        "train_IoU": 0.9710063387974234,
        "val_accuracy": 96.93547608706143,
        "val_loss": 0.1705597273920617,
        "val_IoU": 0.6958855644726304
    },
    "29": {
        "train_loss": 0.003956410219489632,
        "train_accuracy": 99.73670098670098,
        "train_IoU": 0.974083053949693,
        "val_accuracy": 97.02395315541399,
        "val_loss": 0.17429660847400977,
        "val_IoU": 0.7080022460456552
    },
    "30": {
        "train_loss": 0.0037375444553402527,
        "train_accuracy": 99.75546975546975,
        "train_IoU": 0.9728760560574621,