{
    "1": {
        "train_loss": 0.5376756899058817,
        "train_accuracy": 85.40724891813196,
        "train_IoU": 0.2318583308893642,
        "val_accuracy": 93.53795666232325,
        "val_loss": 0.19487712886414416,
        "val_IoU": 0.3381050753713274
    }
}