{
    "test_accuracy": 97.18160320447855,
    "test_loss": 0.08359264009229743,
    "test_IoU": 0.7055398584565428
}