{
    "test_accuracy": 97.4325563438058,
    "test_loss": 0.07785576767069693,
    "test_IoU": 0.7296516796980566
}