{
    "test_accuracy": 96.82930360503836,
    "test_loss": 0.08981195168086775,
    "test_IoU": 0.6868064946081442
}