{
    "test_accuracy": 97.40830115830116,
    "test_loss": 0.08368407355414495,
    "test_IoU": 0.7003711143266701
}