{
    "test_accuracy": 97.86679536679537,
    "test_loss": 0.07184544335159675,
    "test_IoU": 0.7614734137221275
}