{
    "test_accuracy": 97.61583011583012,
    "test_loss": 0.07210722332389131,
    "test_IoU": 0.7639201546925428
}