{
    "1": {
        "train_loss": 0.13149780148509885,
        "train_accuracy": 95.9432646932647,
        "train_IoU": 0.6342627721716384,
        "val_accuracy": 97.00786641571352,
        "val_loss": 0.08447722787585556,
        "val_IoU": 0.6893564779245294
    },
    "2": {
        "train_loss": 0.0363016005160572,
        "train_accuracy": 98.32099957099956,
        "train_IoU": 0.8211080736162139,
        "val_accuracy": 96.94673680485177,
        "val_loss": 0.08726731730996799,
        "val_IoU": 0.6820286902534092
    },
    "3": {
        "train_loss": 0.02820857311902579,
        "train_accuracy": 98.55748605748606,
        "train_IoU": 0.8536836997126004,
        "val_accuracy": 97.04647459099465,
        "val_loss": 0.08870915130141029,
        "val_IoU": 0.6972610623901423
    },
    "4": {
        "train_loss": 0.023688103266424048,
        "train_accuracy": 98.67385242385242,
        "train_IoU": 0.8613232357698548,
        "val_accuracy": 96.98212763219279,
        "val_loss": 0.09352036514903952,
        "val_IoU": 0.7000091293051527
    },
    "5": {
        "train_loss": 0.01955893508819564,
        "train_accuracy": 98.88459888459889,
        "train_IoU": 0.8896796749573801,
        "val_accuracy": 97.07703939642552,
        "val_loss": 0.09856626524210521,
        "val_IoU": 0.6912579057113649
    },
    "6": {
        "train_loss": 0.01657579664047297,
        "train_accuracy": 99.01812526812527,
        "train_IoU": 0.9054634416901219,
        "val_accuracy": 96.97730161028264,
        "val_loss": 0.1033057156042866,
        "val_IoU": 0.6861651852134468
    },
    "7": {
        "train_loss": 0.015135638110233225,
        "train_accuracy": 99.08086658086658,
        "train_IoU": 0.908229680914965,
        "val_accuracy": 96.80839084342776,
        "val_loss": 0.10773475306183332,
        "val_IoU": 0.6931169081437766
    },
    "8": {
        "train_loss": 0.012880487426357652,
        "train_accuracy": 99.17953667953668,
        "train_IoU": 0.9164327989789556,
        "val_accuracy": 97.08669144024581,
        "val_loss": 0.10966419676268936,
        "val_IoU": 0.7143086488227566
    },
    "9": {
        "train_loss": 0.01157247908530865,
        "train_accuracy": 99.27230802230802,
        "train_IoU": 0.9267647593770674,
        "val_accuracy": 97.07060470054533,
        "val_loss": 0.11311682256275432,
        "val_IoU": 0.6955045765241045
    },
    "10": {
        "train_loss": 0.010641910168914782,
        "train_accuracy": 99.34577434577434,
        "train_IoU": 0.9315060595095106,
        "val_accuracy": 96.95638884867203,
        "val_loss": 0.11752186265319904,
        "val_IoU": 0.7021472655460747
    },
    "11": {
        "train_loss": 0.008959979409339642,
        "train_accuracy": 99.42996567996568,
        "train_IoU": 0.9410814141553185,
        "val_accuracy": 97.09151746215593,
        "val_loss": 0.12374392498796953,
        "val_IoU": 0.7029152882262044
    },
    "12": {
        "train_loss": 0.008691597359132146,
        "train_accuracy": 99.42782067782068,
        "train_IoU": 0.9439085370011264,
        "val_accuracy": 97.00464906777343,
        "val_loss": 0.12371788784914751,
        "val_IoU": 0.70994325890425
    },
    "13": {
        "train_loss": 0.007853304711781741,
        "train_accuracy": 99.48412698412699,
        "train_IoU": 0.9495316764053994,
        "val_accuracy": 97.01912713350386,
        "val_loss": 0.13046905540738066,
        "val_IoU": 0.7044777561241904
    },
    "14": {
        "train_loss": 0.0069338306744479725,
        "train_accuracy": 99.5447232947233,
        "train_IoU": 0.9562045320339815,
        "val_accuracy": 96.92260669530106,
        "val_loss": 0.13091466230100277,
        "val_IoU": 0.6997190288025773
    },
    "15": {
        "train_loss": 0.0070305499749633545,
        "train_accuracy": 99.54150579150578,
        "train_IoU": 0.9521309853253956,
        "val_accuracy": 97.10116950597623,
        "val_loss": 0.135186570122241,
        "val_IoU": 0.712865376110497
    },
    "16": {
        "train_loss": 0.006223583834697892,
        "train_accuracy": 99.6096096096096,
        "train_IoU": 0.9624021833412559,
        "val_accuracy": 96.9933883499831,
        "val_loss": 0.1393139126680413,
        "val_IoU": 0.7022166541905763
    },
    "17": {
        "train_loss": 0.0065318282190439895,
        "train_accuracy": 99.56188331188332,
        "train_IoU": 0.9519576133968577,
        "val_accuracy": 96.86952045428953,
        "val_loss": 0.13846067973837034,
        "val_IoU": 0.6952131428730248
    },
    "18": {
        "train_loss": 0.004949585674592016,
        "train_accuracy": 99.66966966966967,
        "train_IoU": 0.9671583466648805,
        "val_accuracy": 97.10599552788636,
        "val_loss": 0.146893822701807,
        "val_IoU": 0.7153394103809072
    },
    "19": {
        "train_loss": 0.005405549232733995,
        "train_accuracy": 99.6433933933934,
        "train_IoU": 0.9625288833231599,
        "val_accuracy": 97.05773530878497,
        "val_loss": 0.14846596327886277,
        "val_IoU": 0.7051475007311078
    },
    "20": {
        "train_loss": 0.005134642445346888,
        "train_accuracy": 99.66269841269842,
        "train_IoU": 0.9643909608904291,
        "val_accuracy": 97.11243022376654,
        "val_loss": 0.14884173881668344,
        "val_IoU": 0.7128469458217995
    },
    "21": {
        "train_loss": 0.004795256038545236,
        "train_accuracy": 99.6921921921922,
        "train_IoU": 0.9628522668303467,
        "val_accuracy": 97.00786641571352,
        "val_loss": 0.1528603812170212,
        "val_IoU": 0.6983607421323431
    },
    "22": {
        "train_loss": 0.004458160070232783,
        "train_accuracy": 99.71149721149722,
        "train_IoU": 0.9652063359834326,
        "val_accuracy": 96.9966056979232,
        "val_loss": 0.1557223208124895,
        "val_IoU": 0.711907920230576
    },
    "23": {
        "train_loss": 0.0041856074911748855,
        "train_accuracy": 99.73401973401972,
        "train_IoU": 0.9708704258972343,
        "val_accuracy": 97.02234448144395,
        "val_loss": 0.15783897746179967,
        "val_IoU": 0.7113905521849909
    },
    "24": {
        "train_loss": 0.004093084222624639,
        "train_accuracy": 99.73938223938224,
        "train_IoU": 0.970231470998616,
        "val_accuracy": 96.95799752264207,
        "val_loss": 0.16149248184612036,
        "val_IoU": 0.7129587385761498
    },
    "25": {
        "train_loss": 0.004146810195417725,
        "train_accuracy": 99.73723723723724,
        "train_IoU": 0.9718466578399172,
        "val_accuracy": 97.04325724305455,
        "val_loss": 0.16119230799807538,
        "val_IoU": 0.7016798618258734
    },
    "26": {
        "train_loss": 0.0039790287242943406,
        "train_accuracy": 99.743135993136,
        "train_IoU": 0.9726204175327371,
        "val_accuracy": 97.0175184595338,
        "val_loss": 0.16378733940201742,
        "val_IoU": 0.7037051005556296
    },
    "27": {
        "train_loss": 0.003878019069696365,
        "train_accuracy": 99.758151008151,
        "train_IoU": 0.9736243941459819,
        "val_accuracy": 97.05451796084488,
        "val_loss": 0.1665201600498607,
        "val_IoU": 0.7083752765049022
    },
    "28": {
        "train_loss": 0.003538736790230902,
        "train_accuracy": 99.77370227370227,
        "train_IoU": 0.9746697709920662,
        "val_accuracy": 96.9998230458633,
        "val_loss": 0.16848287129097506,
        "val_IoU": 0.7031941633936425
    },
    "29": {
        "train_loss": 0.0032379666668117635,
        "train_accuracy": 99.79139854139855,
        "train_IoU": 0.977021499469037,
        "val_accuracy": 96.98534498013288,
        "val_loss": 0.1660741186929101,
        "val_IoU": 0.6946081689875501
    },
    "30": {
        "train_loss": 0.0032365297251746596,
        "train_accuracy": 99.78818103818104,
        "train_IoU": 0.9769251615032732,