{
    "micro_IoU": 0.8814249456789672,
    "micro_Precision": 0.9369759316770186,
    "micro_Recall": 0.9369759316770186,
    "micro_F1-score": 0.9369759316770186,
    "MACRO_IoU": 0.5178263370184453,
    "MACRO_Precision": 0.6293677319010429,
    "MACRO_Recall": 0.6393819021574283,
    "MACRO_F1-score": 0.6264812792501843,
    "Accuracy": 0.9369759316770186
}