{
    "test_accuracy": 94.08967391304348,
    "test_loss": 0.20078973724327467,
    "test_IoU": 0.5187898269960651
}