{
    "1": {
        "train_loss": 0.11053524651023268,
        "train_accuracy": 96.32507507507508,
        "train_IoU": 0.652470449395415,
        "val_accuracy": 97.10116950597623,
        "val_loss": 0.08062097784744983,
        "val_IoU": 0.6890786692258123
    },
    "2": {
        "train_loss": 0.03988359126408746,
        "train_accuracy": 98.15637065637065,
        "train_IoU": 0.8074859014511807,
        "val_accuracy": 97.03038785129418,
        "val_loss": 0.0819681231545691,
        "val_IoU": 0.7068863244042752
    },
    "3": {
        "train_loss": 0.032142026742853894,
        "train_accuracy": 98.40143715143715,
        "train_IoU": 0.8394619720878502,
        "val_accuracy": 97.14460370316748,
        "val_loss": 0.08444944805457973,
        "val_IoU": 0.6956227629710565
    },
    "4": {
        "train_loss": 0.028339601988925236,
        "train_accuracy": 98.52423852423853,
        "train_IoU": 0.8546623266140753,
        "val_accuracy": 97.04325724305455,
        "val_loss": 0.08714289569110065,
        "val_IoU": 0.695914266602479
    },
    "5": {
        "train_loss": 0.02458907384449372,
        "train_accuracy": 98.65508365508366,
        "train_IoU": 0.8667919174582858,
        "val_accuracy": 97.09795215803612,
        "val_loss": 0.08923839751598443,
        "val_IoU": 0.7073400195202312
    },
    "6": {
        "train_loss": 0.02162520375507697,
        "train_accuracy": 98.76018876018875,
        "train_IoU": 0.8805740238585964,
        "val_accuracy": 97.0448659170246,
        "val_loss": 0.09383505444260844,
        "val_IoU": 0.7056171328383289
    },
    "7": {
        "train_loss": 0.01926214331326344,
        "train_accuracy": 98.88620763620763,
        "train_IoU": 0.895101857621661,
        "val_accuracy": 96.93869343500154,
        "val_loss": 0.09942532561330412,
        "val_IoU": 0.6999981912385903
    },
    "8": {
        "train_loss": 0.01780015873131787,
        "train_accuracy": 98.91248391248392,
        "train_IoU": 0.8986793851634223,
        "val_accuracy": 96.95799752264207,
        "val_loss": 0.10014342245312376,
        "val_IoU": 0.6966957029898955
    },
    "9": {
        "train_loss": 0.015777694134667442,
        "train_accuracy": 99.01812526812527,
        "train_IoU": 0.9073835367715013,
        "val_accuracy": 97.01269243762367,
        "val_loss": 0.10836873378665973,
        "val_IoU": 0.7011306973189604
    },
    "10": {
        "train_loss": 0.014376942382308197,
        "train_accuracy": 99.11465036465037,
        "train_IoU": 0.9154516364242757,
        "val_accuracy": 97.00786641571352,
        "val_loss": 0.10857038686881723,
        "val_IoU": 0.6935139054266513
    },
    "11": {
        "train_loss": 0.013059518200820103,
        "train_accuracy": 99.18221793221792,
        "train_IoU": 0.923446346726654,
        "val_accuracy": 97.02556182938405,
        "val_loss": 0.11577258474546115,
        "val_IoU": 0.6960801866940736
    },
    "12": {
        "train_loss": 0.012164849966328826,
        "train_accuracy": 99.21921921921923,
        "train_IoU": 0.9245398609817647,
        "val_accuracy": 97.01912713350386,
        "val_loss": 0.11634774166583314,
        "val_IoU": 0.700043307774018
    },
    "13": {
        "train_loss": 0.010985212625516043,
        "train_accuracy": 99.31788931788932,
        "train_IoU": 0.9330653442665631,
        "val_accuracy": 96.99499702395316,
        "val_loss": 0.12386706471515031,
        "val_IoU": 0.6994080625930758
    },
    "14": {
        "train_loss": 0.010168427242962186,
        "train_accuracy": 99.3050193050193,
        "train_IoU": 0.9321760508322303,
        "val_accuracy": 96.96282354455222,
        "val_loss": 0.12444767265253864,
        "val_IoU": 0.7018300918828013
    },
    "15": {
        "train_loss": 0.00970849917985075,
        "train_accuracy": 99.36722436722437,
        "train_IoU": 0.9419023956133128,
        "val_accuracy": 96.96282354455222,
        "val_loss": 0.13045903570124104,
        "val_IoU": 0.6840555297610629
    },
    "16": {
        "train_loss": 0.009062257921375109,
        "train_accuracy": 99.39671814671814,
        "train_IoU": 0.9417769820190202,
        "val_accuracy": 96.74726123256599,
        "val_loss": 0.1324908545821878,
        "val_IoU": 0.6951962724616176
    },
    "17": {
        "train_loss": 0.008536081148732807,
        "train_accuracy": 99.46535821535821,
        "train_IoU": 0.9471586181206831,
        "val_accuracy": 96.92421536927111,
        "val_loss": 0.1368353214939393,
        "val_IoU": 0.6992278209049462
    },
    "18": {
        "train_loss": 0.007876235763714731,
        "train_accuracy": 99.49538824538826,
        "train_IoU": 0.9488203413301001,
        "val_accuracy": 96.89365056384023,
        "val_loss": 0.14139769518129436,
        "val_IoU": 0.6913778306160852
    },
    "19": {
        "train_loss": 0.007456362047460612,
        "train_accuracy": 99.50664950664951,
        "train_IoU": 0.9482577405335088,
        "val_accuracy": 96.94673680485177,
        "val_loss": 0.14161936968034178,
        "val_IoU": 0.6969236222458786
    },
    "20": {
        "train_loss": 0.007432251153117486,
        "train_accuracy": 99.5002145002145,
        "train_IoU": 0.9459935847160837,
        "val_accuracy": 96.8614770844393,
        "val_loss": 0.14462264597659297,
        "val_IoU": 0.7018195954650894
    },
    "21": {
        "train_loss": 0.00674819702128999,
        "train_accuracy": 99.54418704418705,
        "train_IoU": 0.9561840622705157,
        "val_accuracy": 96.89204188987019,
        "val_loss": 0.1473801336077536,
        "val_IoU": 0.6903144795565808
    },
    "22": {
        "train_loss": 0.006392928882247217,
        "train_accuracy": 99.59191334191334,
        "train_IoU": 0.9574797753672524,
        "val_accuracy": 96.9033026076605,
        "val_loss": 0.1540460945663367,
        "val_IoU": 0.6967455952682859
    },
    "23": {
        "train_loss": 0.0060782409258955585,
        "train_accuracy": 99.60800085800085,
        "train_IoU": 0.9589668267754915,
        "val_accuracy": 96.72152244904525,
        "val_loss": 0.15379187445694764,
        "val_IoU": 0.6812609355798371
    },
    "24": {
        "train_loss": 0.005900145882012067,
        "train_accuracy": 99.60639210639211,
        "train_IoU": 0.9588786835822004,
        "val_accuracy": 96.86308575840934,
        "val_loss": 0.1604446221580524,
        "val_IoU": 0.689692433969251
    },
    "25": {
        "train_loss": 0.005913046531066974,
        "train_accuracy": 99.59727584727585,
        "train_IoU": 0.9558480833497416,
        "val_accuracy": 96.82769493106832,
        "val_loss": 0.16249723933251958,
        "val_IoU": 0.6934427880238615
    },
    "26": {
        "train_loss": 0.005117276162127632,
        "train_accuracy": 99.66537966537966,
        "train_IoU": 0.9665252910078264,
        "val_accuracy": 96.83734697488859,
        "val_loss": 0.16356741897548654,
        "val_IoU": 0.6847597372744265
    },
    "27": {
        "train_loss": 0.0050416285835036,
        "train_accuracy": 99.67395967395967,
        "train_IoU": 0.9632737502234638,
        "val_accuracy": 96.90169393369045,
        "val_loss": 0.17011565644783688,
        "val_IoU": 0.6997698061265492
    },
    "28": {
        "train_loss": 0.0050034226597665925,
        "train_accuracy": 99.67664092664093,
        "train_IoU": 0.9659640182971909,
        "val_accuracy": 96.88882454193009,
        "val_loss": 0.1697754953241019,
        "val_IoU": 0.6965276432964639
    },
    "29": {
        "train_loss": 0.004653797662478679,
        "train_accuracy": 99.6954096954097,
        "train_IoU": 0.9668998934271744,
        "val_accuracy": 96.87917249810981,
        "val_loss": 0.17545193159862213,
        "val_IoU": 0.6883013248216077
    },
    "30": {
        "train_loss": 0.004681665996921516,
        "train_accuracy": 99.6921921921922,
        "train_IoU": 0.968407173363002,