{
    "test_accuracy": 97.33603590560301,
    "test_loss": 0.08668377357506318,
    "test_IoU": 0.6829821495259992
}