{
    "test_accuracy": 97.27329762077119,
    "test_loss": 0.08415499576482416,
    "test_IoU": 0.706643321365429
}