{
    "test_accuracy": 97.33120988369286,
    "test_loss": 0.08275990995555471,
    "test_IoU": 0.708576837781543
}