{
    "test_accuracy": 96.92099802133102,
    "test_loss": 0.09058580710840078,
    "test_IoU": 0.6867361821212922
}