{
    "test_accuracy": 96.88721586796004,
    "test_loss": 0.090696119395786,
    "test_IoU": 0.6874440086506884
}