{
    "test_accuracy": 97.27799227799227,
    "test_loss": 0.11370559827996601,
    "test_IoU": 0.7016741209448588
}