{
    "test_accuracy": 97.39382239382239,
    "test_loss": 0.10886151323822203,
    "test_IoU": 0.7308769860385202
}