{
    "test_accuracy": 90.38237577639751,
    "test_loss": 0.31027573546082343,
    "test_IoU": 0.46706090061958855
}