{
    "1": {
        "train_loss": 0.6106880727130094,
        "train_accuracy": 78.46685971685972,
        "train_IoU": 0.2153544786838832,
        "val_accuracy": 82.83544873960395,
        "val_loss": 0.46119045880105763,
        "val_IoU": 0.26117385259516696
    },
    "2": {
        "train_loss": 0.4982753671557426,
        "train_accuracy": 80.63760188760189,
        "train_IoU": 0.30015069558374285,
        "val_accuracy": 83.17809629522385,
        "val_loss": 0.4496682119467622,
        "val_IoU": 0.30364310417668333
    },
    "3": {
        "train_loss": 0.4871548014752409,
        "train_accuracy": 80.8435220935221,
        "train_IoU": 0.32296007665880977,
        "val_accuracy": 83.22313916638515,
        "val_loss": 0.4448720967021498,
        "val_IoU": 0.3042456632108065
    },
    "4": {
        "train_loss": 0.480305152718303,
        "train_accuracy": 80.8596096096096,
        "train_IoU": 0.32885897141305576,
        "val_accuracy": 82.77271045477212,
        "val_loss": 0.44780091935224486,
        "val_IoU": 0.31227596221005793
    },
    "5": {
        "train_loss": 0.47549762610057195,
        "train_accuracy": 80.97919347919348,
        "train_IoU": 0.33609462780587396,
        "val_accuracy": 82.96896867911781,
        "val_loss": 0.44490377807322856,
        "val_IoU": 0.30648519009754543
    },
    "6": {
        "train_loss": 0.4715274138735354,
        "train_accuracy": 81.00171600171599,
        "train_IoU": 0.34140279720025574,
        "val_accuracy": 83.01562022424915,
        "val_loss": 0.4448653653938588,
        "val_IoU": 0.318187198698193
    },
    "7": {
        "train_loss": 0.46749031817823017,
        "train_accuracy": 81.02531102531103,
        "train_IoU": 0.3429143996476611,
        "val_accuracy": 82.97379470102794,
        "val_loss": 0.4487181381310941,
        "val_IoU": 0.30215349604696223
    },
    "8": {
        "train_loss": 0.46481943697084976,
        "train_accuracy": 81.0580223080223,
        "train_IoU": 0.3476504940939423,
        "val_accuracy": 83.1282274021524,
        "val_loss": 0.4477633002976824,
        "val_IoU": 0.3318307826560746
    },
    "9": {
        "train_loss": 0.4621800714023488,
        "train_accuracy": 81.11540111540111,
        "train_IoU": 0.3501638977449604,
        "val_accuracy": 83.22635651432523,
        "val_loss": 0.44367936621477566,
        "val_IoU": 0.31867471244870843
    },
    "10": {
        "train_loss": 0.46041233108398827,
        "train_accuracy": 81.12558987558988,
        "train_IoU": 0.3498636341465825,
        "val_accuracy": 82.83705741357399,
        "val_loss": 0.44668488615334256,
        "val_IoU": 0.31960875265608557
    },
    "11": {
        "train_loss": 0.45835142053392736,
        "train_accuracy": 81.13524238524239,
        "train_IoU": 0.3542887495771015,
        "val_accuracy": 82.98827276675837,
        "val_loss": 0.44677856687165146,
        "val_IoU": 0.3062755170465014
    },
    "12": {
        "train_loss": 0.45661680575258223,
        "train_accuracy": 81.17063492063492,
        "train_IoU": 0.35282808695260426,
        "val_accuracy": 82.84992680533436,
        "val_loss": 0.4479872728755443,
        "val_IoU": 0.31525837918520816
    }
}