{
    "test_accuracy": 92.35733695652173,
    "test_loss": 0.2315826957223948,
    "test_IoU": 0.431829509387568
}