{
    "test_accuracy": 98.08304858979557,
    "test_loss": 0.047735251826636564,
    "test_IoU": 0.7896974296280803
}