{
    "test_accuracy": 98.5453948765468,
    "test_loss": 0.036600241538016456,
    "test_IoU": 0.850030211701166
}