{
    "test_accuracy": 98.2896083087199,
    "test_loss": 0.04025516641515964,
    "test_IoU": 0.8371730615813627
}