{
    "test_accuracy": 87.01960403726709,
    "test_loss": 0.4231594886098589,
    "test_IoU": 0.3712427994435135
}