{
    "micro_IoU": 0.9442083040112597,
    "micro_Precision": 0.9713036427868188,
    "micro_Recall": 0.9713036427868188,
    "micro_F1-score": 0.9713036427868188,
    "MACRO_IoU": 0.6767011478764101,
    "MACRO_Precision": 0.7962937081350863,
    "MACRO_Recall": 0.7648033781405393,
    "MACRO_F1-score": 0.7766205955539499,
    "Accuracy": 0.9713036427868188
}