{
    "micro_IoU": 0.9462170666416193,
    "micro_Precision": 0.9723653983513831,
    "micro_Recall": 0.9723653983513831,
    "micro_F1-score": 0.9723653983513831,
    "MACRO_IoU": 0.7137689677741645,
    "MACRO_Precision": 0.8274972206391483,
    "MACRO_Recall": 0.8008533902129077,
    "MACRO_F1-score": 0.8120026409803959,
    "Accuracy": 0.9723653983513831
}