{
    "micro_IoU": 0.9380980441675787,
    "micro_Precision": 0.9680604621532403,
    "micro_Recall": 0.9680604621532403,
    "micro_F1-score": 0.9680604621532403,
    "MACRO_IoU": 0.6925621798732807,
    "MACRO_Precision": 0.8174617360535498,
    "MACRO_Recall": 0.7800272769164603,
    "MACRO_F1-score": 0.7955134887863984,
    "Accuracy": 0.9680604621532403
}