{
    "micro_IoU": 0.9428349966088557,
    "micro_Precision": 0.9705765010971474,
    "micro_Recall": 0.9705765010971474,
    "micro_F1-score": 0.9705765010971474,
    "MACRO_IoU": 0.6998162328887112,
    "MACRO_Precision": 0.8181570141652612,
    "MACRO_Recall": 0.7883668436638317,
    "MACRO_F1-score": 0.8005346035755767,
    "Accuracy": 0.9705765010971474
}