{
    "micro_IoU": 0.832115360679931,
    "micro_Precision": 0.9083656832298137,
    "micro_Recall": 0.9083656832298137,
    "micro_F1-score": 0.9083656832298137,
    "MACRO_IoU": 0.4343487556327438,
    "MACRO_Precision": 0.5744915364096485,
    "MACRO_Recall": 0.5531578812751823,
    "MACRO_F1-score": 0.5418240382815658,
    "Accuracy": 0.9083656832298137
}