{
    "1": {
        "train_loss": 0.10435986808068459,
        "train_accuracy": 96.53378805915726,
        "train_IoU": 0.6614097997957631,
        "val_accuracy": 96.9514157014157,
        "val_loss": 0.08230196318776947,
        "val_IoU": 0.6958138812991501
    },
    "2": {
        "train_loss": 0.03394306345038022,
        "train_accuracy": 98.37467691944704,
        "train_IoU": 0.8231270908355693,
        "val_accuracy": 97.12516087516087,
        "val_loss": 0.08199252545021081,
        "val_IoU": 0.6949956472357866
    },
    "3": {
        "train_loss": 0.02730712372977124,
        "train_accuracy": 98.57683686711067,
        "train_IoU": 0.8495781815313238,
        "val_accuracy": 97.13963963963964,
        "val_loss": 0.0850831074903646,
        "val_IoU": 0.6933986709245344
    },
    "4": {
        "train_loss": 0.023014884932761184,
        "train_accuracy": 98.72376478663277,
        "train_IoU": 0.8721301818394218,
        "val_accuracy": 97.12194337194337,
        "val_loss": 0.08980231852018666,
        "val_IoU": 0.6979645016407996
    },
    "5": {
        "train_loss": 0.019533479405987625,
        "train_accuracy": 98.87766373883295,
        "train_IoU": 0.8866825334396765,
        "val_accuracy": 97.08976833976834,
        "val_loss": 0.09415414489934097,
        "val_IoU": 0.6901443788830811
    },
    "6": {
        "train_loss": 0.017355372506902063,
        "train_accuracy": 98.97204079662816,
        "train_IoU": 0.8981018069862244,
        "val_accuracy": 97.03185328185329,
        "val_loss": 0.09918530386443337,
        "val_IoU": 0.6916657195333534
    },
    "7": {
        "train_loss": 0.015024762596026092,
        "train_accuracy": 99.09859185139904,
        "train_IoU": 0.910742440554104,
        "val_accuracy": 97.0945945945946,
        "val_loss": 0.10154285161864256,
        "val_IoU": 0.6950890320337277
    },
    "8": {
        "train_loss": 0.013484254059629955,
        "train_accuracy": 99.15918621236983,
        "train_IoU": 0.9203069376046024,
        "val_accuracy": 96.84041184041185,
        "val_loss": 0.10692448081801273,
        "val_IoU": 0.6894475351547389
    },
    "9": {
        "train_loss": 0.012028711063296102,
        "train_accuracy": 99.25946183627725,
        "train_IoU": 0.9278924023954389,
        "val_accuracy": 96.92084942084942,
        "val_loss": 0.11135705331256114,
        "val_IoU": 0.6985861067564605
    },
    "10": {
        "train_loss": 0.011182415928295636,
        "train_accuracy": 99.28359233400899,
        "train_IoU": 0.9269036567766434,
        "val_accuracy": 96.85006435006434,
        "val_loss": 0.11533797343684091,
        "val_IoU": 0.6949857463217165
    },
    "11": {
        "train_loss": 0.0102085768106413,
        "train_accuracy": 99.33828812886757,
        "train_IoU": 0.931683604464957,
        "val_accuracy": 96.96589446589446,
        "val_loss": 0.11978658473424786,
        "val_IoU": 0.6924563234050134
    },
    "12": {
        "train_loss": 0.009028757832722757,
        "train_accuracy": 99.42033182115547,
        "train_IoU": 0.9423097731781513,
        "val_accuracy": 96.96589446589446,
        "val_loss": 0.12345721758470901,
        "val_IoU": 0.6874611694573032
    },
    "13": {
        "train_loss": 0.008096809805025378,
        "train_accuracy": 99.47341891616529,
        "train_IoU": 0.9491752448351016,
        "val_accuracy": 96.99324324324324,
        "val_loss": 0.12937146119489307,
        "val_IoU": 0.6936760199272788
    },
    "14": {
        "train_loss": 0.0077989455089667375,
        "train_accuracy": 99.4873609815214,
        "train_IoU": 0.9472651521487159,
        "val_accuracy": 96.98519948519947,
        "val_loss": 0.12820685638733773,
        "val_IoU": 0.6964106795752694
    },
    "15": {
        "train_loss": 0.007556601178844493,
        "train_accuracy": 99.4814624154092,
        "train_IoU": 0.9498232829071249,
        "val_accuracy": 97.02702702702702,
        "val_loss": 0.1341056559443734,
        "val_IoU": 0.6885127987691401
    },
    "16": {
        "train_loss": 0.00639999028739207,
        "train_accuracy": 99.58227427259955,
        "train_IoU": 0.9593957351712872,
        "val_accuracy": 96.89350064350064,
        "val_loss": 0.13864835602046408,
        "val_IoU": 0.6892190871697558
    },
    "17": {
        "train_loss": 0.006452527572083266,
        "train_accuracy": 99.5849554390142,
        "train_IoU": 0.9542625770739154,
        "val_accuracy": 96.87580437580438,
        "val_loss": 0.14155474995823902,
        "val_IoU": 0.6926946633024639
    },
    "18": {
        "train_loss": 0.006441460447610432,
        "train_accuracy": 99.57047714037515,
        "train_IoU": 0.9569788378201398,
        "val_accuracy": 96.9449806949807,
        "val_loss": 0.14193263714118634,
        "val_IoU": 0.696350086461482
    },
    "19": {
        "train_loss": 0.00567266270093482,
        "train_accuracy": 99.63589760089229,
        "train_IoU": 0.9599831415888422,
        "val_accuracy": 96.92406692406692,
        "val_loss": 0.1452026300371452,
        "val_IoU": 0.6865479456135568
    },
    "20": {
        "train_loss": 0.005351746443144472,
        "train_accuracy": 99.64715849983376,
        "train_IoU": 0.9623021413731262,
        "val_accuracy": 96.93854568854569,
        "val_loss": 0.15067448464069902,
        "val_IoU": 0.6923411457480518
    },
    "21": {
        "train_loss": 0.004971854488117803,
        "train_accuracy": 99.67879626352648,
        "train_IoU": 0.9668149336970933,
        "val_accuracy": 96.91119691119691,
        "val_loss": 0.15324804626637656,
        "val_IoU": 0.6918535458428554
    },
    "22": {
        "train_loss": 0.0047901955953178685,
        "train_accuracy": 99.68737599605332,
        "train_IoU": 0.9673919194147477,
        "val_accuracy": 96.98037323037323,
        "val_loss": 0.15923835020726718,
        "val_IoU": 0.6893737966668756
    },
    "23": {
        "train_loss": 0.004768199867386591,
        "train_accuracy": 99.6927383288826,
        "train_IoU": 0.9667972308732891,
        "val_accuracy": 97.02541827541828,
        "val_loss": 0.15939415083506353,
        "val_IoU": 0.6893481114700273
    },
    "24": {
        "train_loss": 0.004334561877805366,
        "train_accuracy": 99.71526012676554,
        "train_IoU": 0.9698787083250376,
        "val_accuracy": 96.92889317889318,
        "val_loss": 0.16594553773289983,
        "val_IoU": 0.6902573937620672
    },
    "25": {
        "train_loss": 0.004212020646418318,
        "train_accuracy": 99.72491232585824,
        "train_IoU": 0.9736469136520288,
        "val_accuracy": 96.86454311454311,
        "val_loss": 0.16851206197474738,
        "val_IoU": 0.679233628986412
    },
    "26": {
        "train_loss": 0.0042748429023349195,
        "train_accuracy": 99.7163325933314,
        "train_IoU": 0.9692763605107917,
        "val_accuracy": 97.0479407979408,
        "val_loss": 0.16963769494678774,
        "val_IoU": 0.6930403245040682
    },
    "27": {
        "train_loss": 0.0038784054462387306,
        "train_accuracy": 99.7318833585363,
        "train_IoU": 0.9730180890640071,
        "val_accuracy": 96.97876447876448,
        "val_loss": 0.17610320349191816,
        "val_IoU": 0.6942441105046873
    },
    "28": {
        "train_loss": 0.0036657729763658665,
        "train_accuracy": 99.76191242238023,
        "train_IoU": 0.973037487964754,
        "val_accuracy": 96.96589446589446,
        "val_loss": 0.17458299132980476,
        "val_IoU": 0.6841434248825224
    },
    "29": {
        "train_loss": 0.003825712530913437,
        "train_accuracy": 99.7436804907607,
        "train_IoU": 0.9749259542691734,
        "val_accuracy": 96.85006435006434,
        "val_loss": 0.18018792522990332,
        "val_IoU": 0.6856967364978496
    },
    "30": {
        "train_loss": 0.0038037012214808606,
        "train_accuracy": 99.75386892313632,
        "train_IoU": 0.9723379056502655,