{
    "test_accuracy": 97.16229911683799,
    "test_loss": 0.08397792213033009,
    "test_IoU": 0.6926867436598318
}