{
    "test_accuracy": 97.16229911683799,
    "test_loss": 0.08345200649008473,
    "test_IoU": 0.6935370172305925
}