{
    "test_accuracy": 97.4084262342551,
    "test_loss": 0.07981567479739027,
    "test_IoU": 0.7232071423683729
}