{
    "test_accuracy": 97.41325225616524,
    "test_loss": 0.07948725452980049,
    "test_IoU": 0.7251450849102197
}