{
    "test_accuracy": 96.87756382413976,
    "test_loss": 0.0894135047946079,
    "test_IoU": 0.6913069982755504
}