{
    "test_accuracy": 96.87756382413976,
    "test_loss": 0.08946229001783111,
    "test_IoU": 0.684124051759835
}