{
    "test_accuracy": 97.26833976833977,
    "test_loss": 0.1313908910621346,
    "test_IoU": 0.6877347552155542
}