{
    "test_accuracy": 98.0019305019305,
    "test_loss": 0.09449452389733014,
    "test_IoU": 0.7786683593196215
}