{
    "test_accuracy": 97.40830115830116,
    "test_loss": 0.10973350893645718,
    "test_IoU": 0.7384535799848096
}