{
    "test_accuracy": 90.49398291925466,
    "test_loss": 0.3367043521648608,
    "test_IoU": 0.42015123967205625
}