{
    "micro_IoU": 0.9464730251477206,
    "micro_Precision": 0.9725005308777823,
    "micro_Recall": 0.9725005308777823,
    "micro_F1-score": 0.9725005308777823,
    "MACRO_IoU": 0.685262939457582,
    "MACRO_Precision": 0.8194975306298955,
    "MACRO_Recall": 0.7626790506765276,
    "MACRO_F1-score": 0.7857859299104508,
    "Accuracy": 0.9725005308777823
}