{
    "micro_IoU": 0.9594870630957785,
    "micro_Precision": 0.979324723460937,
    "micro_Recall": 0.979324723460937,
    "micro_F1-score": 0.979324723460937,
    "MACRO_IoU": 0.7702558958747475,
    "MACRO_Precision": 0.8722189714805602,
    "MACRO_Recall": 0.8409551011564262,
    "MACRO_F1-score": 0.8551205924039833,
    "Accuracy": 0.979324723460937
}