{
    "micro_IoU": 0.9513490606017799,
    "micro_Precision": 0.9750680488793653,
    "micro_Recall": 0.9750680488793653,
    "micro_F1-score": 0.9750680488793653,
    "MACRO_IoU": 0.74966417885042,
    "MACRO_Precision": 0.8560130236214679,
    "MACRO_Recall": 0.826413142266572,
    "MACRO_F1-score": 0.8398819884072799,
    "Accuracy": 0.9750680488793653
}