{
    "micro_IoU": 0.9524216345247817,
    "micro_Precision": 0.9756311010726949,
    "micro_Recall": 0.9756311010726949,
    "micro_F1-score": 0.9756311010726949,
    "MACRO_IoU": 0.737481256462157,
    "MACRO_Precision": 0.8528574466534622,
    "MACRO_Recall": 0.8153435662015658,
    "MACRO_F1-score": 0.8320112616585528,
    "Accuracy": 0.9756311010726949
}