{
    "1": {
        "train_loss": 0.13082917788824716,
        "train_accuracy": 96.0120330748689,
        "train_IoU": 0.6323355397041162,
        "val_accuracy": 97.12998712998713,
        "val_loss": 0.08052842752000025,
        "val_IoU": 0.6811188370091921
    },
    "2": {
        "train_loss": 0.03687592266640758,
        "train_accuracy": 98.26743026286155,
        "train_IoU": 0.8111981683304818,
        "val_accuracy": 97.06081081081082,
        "val_loss": 0.08227703709504096,
        "val_IoU": 0.6776231899658939
    },
    "3": {
        "train_loss": 0.028891653125957373,
        "train_accuracy": 98.5559237690765,
        "train_IoU": 0.8478893790836042,
        "val_accuracy": 97.10263835263835,
        "val_loss": 0.08445529510418469,
        "val_IoU": 0.6868106637926468
    },
    "4": {
        "train_loss": 0.024340206983626416,
        "train_accuracy": 98.68032989071565,
        "train_IoU": 0.8617672387393309,
        "val_accuracy": 96.98841698841699,
        "val_loss": 0.08791714683323607,
        "val_IoU": 0.6767123933837481
    },
    "5": {
        "train_loss": 0.020819328842792046,
        "train_accuracy": 98.86264920691097,
        "train_IoU": 0.8863610576382366,
        "val_accuracy": 97.1412483912484,
        "val_loss": 0.09305834664422781,
        "val_IoU": 0.687976725501569
    },
    "6": {
        "train_loss": 0.017785929109431043,
        "train_accuracy": 98.95488133157448,
        "train_IoU": 0.8985017799980888,
        "val_accuracy": 96.83558558558558,
        "val_loss": 0.09974745749984584,
        "val_IoU": 0.6763012971025552
    },
    "7": {
        "train_loss": 0.016134652592247847,
        "train_accuracy": 99.05783812189655,
        "train_IoU": 0.9046516033481675,
        "val_accuracy": 97.01898326898328,
        "val_loss": 0.09999197532941208,
        "val_IoU": 0.6831708019244244
    },
    "8": {
        "train_loss": 0.0135614935688383,
        "train_accuracy": 99.18063554368692,
        "train_IoU": 0.9136347336085129,
        "val_accuracy": 96.994851994852,
        "val_loss": 0.10543578991033103,
        "val_IoU": 0.6894454761619533
    },
    "9": {
        "train_loss": 0.012370828540830962,
        "train_accuracy": 99.2331864054138,
        "train_IoU": 0.9216384025179705,
        "val_accuracy": 97.03346203346203,
        "val_loss": 0.10742529343963131,
        "val_IoU": 0.6874619997373366
    },
    "10": {
        "train_loss": 0.010557534300213042,
        "train_accuracy": 99.32917216305782,
        "train_IoU": 0.9320344342702775,
        "val_accuracy": 97.0978120978121,
        "val_loss": 0.11424750952364358,
        "val_IoU": 0.6867907407578067
    },
    "11": {
        "train_loss": 0.01013993092504339,
        "train_accuracy": 99.372070825692,
        "train_IoU": 0.939163120488862,
        "val_accuracy": 97.04311454311454,
        "val_loss": 0.11426447843342305,
        "val_IoU": 0.6899099508274869
    },
    "12": {
        "train_loss": 0.009162817847468018,
        "train_accuracy": 99.41818688802377,
        "train_IoU": 0.9394419277453798,
        "val_accuracy": 97.03507078507079,
        "val_loss": 0.12163740038768052,
        "val_IoU": 0.6822112359614605
    },
    "13": {
        "train_loss": 0.008160485791774499,
        "train_accuracy": 99.49057838121897,
        "train_IoU": 0.946921235458093,
        "val_accuracy": 97.03989703989704,
        "val_loss": 0.12555641406888812,
        "val_IoU": 0.6890228081468156
    },
    "14": {
        "train_loss": 0.007782944400468545,
        "train_accuracy": 99.49754941389702,
        "train_IoU": 0.9496710664315747,
        "val_accuracy": 96.98359073359073,
        "val_loss": 0.12592976768019642,
        "val_IoU": 0.6839231453155861
    },
    "15": {
        "train_loss": 0.007352725214883356,
        "train_accuracy": 99.52382484476047,
        "train_IoU": 0.9512294407063239,
        "val_accuracy": 97.1042471042471,
        "val_loss": 0.1308132774229981,
        "val_IoU": 0.6841834534579206
    },
    "16": {
        "train_loss": 0.006154329296751066,
        "train_accuracy": 99.59568010467274,
        "train_IoU": 0.9577833177629869,
        "val_accuracy": 96.98519948519947,
        "val_loss": 0.1366553902227806,
        "val_IoU": 0.6871820895177881
    },
    "17": {
        "train_loss": 0.006626671347575957,
        "train_accuracy": 99.58012933946783,
        "train_IoU": 0.9561862559728235,
        "val_accuracy": 97.02541827541828,
        "val_loss": 0.13511526482342656,
        "val_IoU": 0.6897701182766118
    },
    "18": {
        "train_loss": 0.005250612587934408,
        "train_accuracy": 99.6557382323606,
        "train_IoU": 0.9643864627067604,
        "val_accuracy": 96.95945945945947,
        "val_loss": 0.14440049773796926,
        "val_IoU": 0.6813241880586156
    },
    "19": {
        "train_loss": 0.005701005849316499,
        "train_accuracy": 99.6299990347801,
        "train_IoU": 0.960358408615585,
        "val_accuracy": 96.97232947232948,
        "val_loss": 0.1460409789511917,
        "val_IoU": 0.6810699857335043
    },
    "20": {
        "train_loss": 0.004819175758793716,
        "train_accuracy": 99.68844846261918,
        "train_IoU": 0.9676141325912955,
        "val_accuracy": 96.90958815958815,
        "val_loss": 0.14690626399048287,
        "val_IoU": 0.68577826814043
    },
    "21": {
        "train_loss": 0.004605365371984043,
        "train_accuracy": 99.69863689499479,
        "train_IoU": 0.9693275392890606,
        "val_accuracy": 97.05759330759331,
        "val_loss": 0.1521996393996321,
        "val_IoU": 0.6903779900153553
    },
    "22": {
        "train_loss": 0.0052331433891124575,
        "train_accuracy": 99.68791222933625,
        "train_IoU": 0.968403736839465,
        "val_accuracy": 97.02702702702702,
        "val_loss": 0.1509414791756098,
        "val_IoU": 0.6890312345176182
    },
    "23": {
        "train_loss": 0.004084031091118956,
        "train_accuracy": 99.74046309106313,
        "train_IoU": 0.9708346362393977,
        "val_accuracy": 97.11711711711712,
        "val_loss": 0.15180480114845205,
        "val_IoU": 0.6947456769982948
    },
    "24": {
        "train_loss": 0.004453687000576593,
        "train_accuracy": 99.70882532737042,
        "train_IoU": 0.9704873234358751,
        "val_accuracy": 96.87258687258688,
        "val_loss": 0.15657387632678302,
        "val_IoU": 0.686649022987724
    },
    "25": {
        "train_loss": 0.004191307014010079,
        "train_accuracy": 99.73670945808264,
        "train_IoU": 0.9734591739062031,
        "val_accuracy": 96.95302445302445,
        "val_loss": 0.15830110182400964,
        "val_IoU": 0.6843333006028748
    },
    "26": {
        "train_loss": 0.0038580255524868342,
        "train_accuracy": 99.75976748924852,
        "train_IoU": 0.9750619746346547,
        "val_accuracy": 96.994851994852,
        "val_loss": 0.15731726410267435,
        "val_IoU": 0.691662097489396
    },
    "27": {
        "train_loss": 0.0031717373626593535,
        "train_accuracy": 99.80373861844856,
        "train_IoU": 0.9835714480648035,
        "val_accuracy": 97.01093951093951,
        "val_loss": 0.1638432430775206,
        "val_IoU": 0.6850091721879995
    },
    "28": {
        "train_loss": 0.004222610688384116,
        "train_accuracy": 99.73563699151678,
        "train_IoU": 0.9693390318826095,
        "val_accuracy": 96.93050193050193,
        "val_loss": 0.16030745182716707,
        "val_IoU": 0.683411325291641
    },
    "29": {
        "train_loss": 0.00366684599779398,
        "train_accuracy": 99.76191242238023,
        "train_IoU": 0.9714269353010433,
        "val_accuracy": 96.95302445302445,
        "val_loss": 0.16669626272619564,
        "val_IoU": 0.6796739816890887
    },
    "30": {
        "train_loss": 0.0032084737375992116,
        "train_accuracy": 99.78282552041439,
        "train_IoU": 0.9783751490371613,