{
    "micro_IoU": 0.9471681091595952,
    "micro_Precision": 0.9728673191637227,
    "micro_Recall": 0.9728673191637227,
    "micro_F1-score": 0.9728673191637227,
    "MACRO_IoU": 0.6804197911900063,
    "MACRO_Precision": 0.8245186664742373,
    "MACRO_Recall": 0.7509625123560106,
    "MACRO_F1-score": 0.7805629294965906,
    "Accuracy": 0.9728673191637227
}