{
    "micro_IoU": 0.9610819814874406,
    "micro_Precision": 0.9801548232659602,
    "micro_Recall": 0.9801548232659602,
    "micro_F1-score": 0.9801548232659602,
    "MACRO_IoU": 0.7785331267674624,
    "MACRO_Precision": 0.8809011874168959,
    "MACRO_Recall": 0.8454561675427875,
    "MACRO_F1-score": 0.8618966112166729,
    "Accuracy": 0.9801548232659602
}