{
    "micro_IoU": 0.9515879893003805,
    "micro_Precision": 0.9751935290824502,
    "micro_Recall": 0.9751935290824502,
    "micro_F1-score": 0.9751935290824502,
    "MACRO_IoU": 0.7432358509569715,
    "MACRO_Precision": 0.8561777537151624,
    "MACRO_Recall": 0.8176207955409407,
    "MACRO_F1-score": 0.8344232128309825,
    "Accuracy": 0.9751935290824502
}