{
    "micro_IoU": 0.9532621298818827,
    "micro_Precision": 0.9760718905040443,
    "micro_Recall": 0.9760718905040443,
    "micro_F1-score": 0.9760718905040443,
    "MACRO_IoU": 0.7364571934536597,
    "MACRO_Precision": 0.8566157617660817,
    "MACRO_Recall": 0.8105354624244615,
    "MACRO_F1-score": 0.831121633368466,
    "Accuracy": 0.9760718905040443
}