{
    "micro_IoU": 0.9460342803474994,
    "micro_Precision": 0.972268875118241,
    "micro_Recall": 0.972268875118241,
    "micro_F1-score": 0.972268875118241,
    "MACRO_IoU": 0.6788583096398321,
    "MACRO_Precision": 0.8228128081895717,
    "MACRO_Recall": 0.7511597872585323,
    "MACRO_F1-score": 0.7802763606720013,
    "Accuracy": 0.972268875118241
}