{
    "micro_IoU": 0.9592647225689322,
    "micro_Precision": 0.9792088955811664,
    "micro_Recall": 0.9792088955811664,
    "micro_F1-score": 0.9792088955811664,
    "MACRO_IoU": 0.7721419515974436,
    "MACRO_Precision": 0.8704819247569222,
    "MACRO_Recall": 0.8450307895706347,
    "MACRO_F1-score": 0.856230616846994,
    "Accuracy": 0.9792088955811664
}