{
    "micro_IoU": 0.9513123075329372,
    "micro_Precision": 0.9750487442327368,
    "micro_Recall": 0.9750487442327368,
    "micro_F1-score": 0.9750487442327368,
    "MACRO_IoU": 0.7500674698613086,
    "MACRO_Precision": 0.8527578066392139,
    "MACRO_Recall": 0.8286376296810675,
    "MACRO_F1-score": 0.8397430056580542,
    "Accuracy": 0.9750487442327368
}