{
    "micro_IoU": 0.9521886325521799,
    "micro_Precision": 0.9755088383107148,
    "micro_Recall": 0.9755088383107148,
    "micro_F1-score": 0.9755088383107148,
    "MACRO_IoU": 0.7360033025288898,
    "MACRO_Precision": 0.8502728537594504,
    "MACRO_Recall": 0.8144202167069217,
    "MACRO_F1-score": 0.8305694997317478,
    "Accuracy": 0.9755088383107148
}