{
    "test_accuracy": 97.27799227799227,
    "test_loss": 0.08719558628666918,
    "test_IoU": 0.7030878473059932
}