{
    "test_accuracy": 97.36486486486487,
    "test_loss": 0.0826706637737605,
    "test_IoU": 0.7408709965157002
}