{
    "test_accuracy": 96.81949806949807,
    "test_loss": 0.09662387959578617,
    "test_IoU": 0.6935240638289625
}