{
    "test_accuracy": 97.40360021234497,
    "test_loss": 0.08320071005526884,
    "test_IoU": 0.7069563154108309
}