{
    "test_accuracy": 97.9827228415617,
    "test_loss": 0.06482932826699575,
    "test_IoU": 0.774234685761174
}