{
    "test_accuracy": 97.39877419043482,
    "test_loss": 0.0746673390299461,
    "test_IoU": 0.7417046060975355
}