{
    "test_accuracy": 92.81832298136646,
    "test_loss": 0.2237071096202972,
    "test_IoU": 0.5023605384672103
}