{
    "test_accuracy": 92.16323757763976,
    "test_loss": 0.22537205780144798,
    "test_IoU": 0.4763632930860745
}