{
    "test_accuracy": 91.75077639751554,
    "test_loss": 0.2475618604362383,
    "test_IoU": 0.4648600259241828
}