{
    "test_accuracy": 91.2884347960445,
    "test_loss": 0.2701367143361986,
    "test_IoU": 0.437830889569253
}