{
    "test_accuracy": 89.27785074165637,
    "test_loss": 0.37099030530206795,
    "test_IoU": 0.39128156053360436
}