{
    "test_accuracy": 92.5795735475896,
    "test_loss": 0.23186529025421634,
    "test_IoU": 0.47255787566931007
}