{
    "test_accuracy": 89.16925465838509,
    "test_loss": 0.31404902536121204,
    "test_IoU": 0.43198962667598967
}