{
    "test_accuracy": 91.08598602484473,
    "test_loss": 0.2722553880596013,
    "test_IoU": 0.432585623359606
}