{
    "micro_IoU": 0.9643316716073624,
    "micro_Precision": 0.9818420031055901,
    "micro_Recall": 0.9818420031055901,
    "micro_F1-score": 0.9818420031055901,
    "MACRO_IoU": 0.7874895008478384,
    "MACRO_Precision": 0.8822272827973421,
    "MACRO_Recall": 0.8551439012386407,
    "MACRO_F1-score": 0.8675543158748493,
    "Accuracy": 0.9818420031055901
}