{
    "micro_IoU": 0.952513595967635,
    "micro_Precision": 0.975679347826087,
    "micro_Recall": 0.975679347826087,
    "micro_F1-score": 0.975679347826087,
    "MACRO_IoU": 0.7570197244032244,
    "MACRO_Precision": 0.8631062704002893,
    "MACRO_Recall": 0.8314186837205051,
    "MACRO_F1-score": 0.8452813183729516,
    "Accuracy": 0.975679347826087
}