{
    "micro_IoU": 0.9494291146784217,
    "micro_Precision": 0.9740586180124223,
    "micro_Recall": 0.9740586180124223,
    "micro_F1-score": 0.9740586180124223,
    "MACRO_IoU": 0.7186432261664184,
    "MACRO_Precision": 0.8342005786165491,
    "MACRO_Recall": 0.8017652575123158,
    "MACRO_F1-score": 0.8150656946594722,
    "Accuracy": 0.9740586180124223
}