{
    "test_accuracy": 87.97069099378882,
    "test_loss": 0.4193607785316727,
    "test_IoU": 0.3946726873291953
}