{
    "test_accuracy": 97.14285714285714,
    "test_loss": 0.08708159732172423,
    "test_IoU": 0.6818430963767688
}