{
    "test_accuracy": 97.9488416988417,
    "test_loss": 0.06592299470988412,
    "test_IoU": 0.7732098663175415
}