{
    "test_accuracy": 97.73166023166023,
    "test_loss": 0.07436492239745959,
    "test_IoU": 0.7633886042488129
}