{
    "micro_IoU": 0.9466669185645599,
    "micro_Precision": 0.9726028726708075,
    "micro_Recall": 0.9726028726708075,
    "micro_F1-score": 0.9726028726708075,
    "MACRO_IoU": 0.6721626979770914,
    "MACRO_Precision": 0.8153793890936646,
    "MACRO_Recall": 0.7422320540214247,
    "MACRO_F1-score": 0.7714086271230315,
    "Accuracy": 0.9726028726708075
}