{
    "micro_IoU": 0.9596991222814976,
    "micro_Precision": 0.9794351708074535,
    "micro_Recall": 0.9794351708074535,
    "micro_F1-score": 0.9794351708074535,
    "MACRO_IoU": 0.7708498436703934,
    "MACRO_Precision": 0.8748542216320659,
    "MACRO_Recall": 0.8394633604588468,
    "MACRO_F1-score": 0.8555450319948514,
    "Accuracy": 0.9794351708074535
}