{
    "micro_IoU": 0.9519587785102674,
    "micro_Precision": 0.975388198757764,
    "micro_Recall": 0.975388198757764,
    "micro_F1-score": 0.975388198757764,
    "MACRO_IoU": 0.7449204571374067,
    "MACRO_Precision": 0.8524859092147781,
    "MACRO_Recall": 0.8217792249107978,
    "MACRO_F1-score": 0.8357511038292446,
    "Accuracy": 0.975388198757764
}