{
    "micro_IoU": 0.9527602827560503,
    "micro_Precision": 0.9758087474120083,
    "micro_Recall": 0.9758087474120083,
    "micro_F1-score": 0.9758087474120083,
    "MACRO_IoU": 0.7320247472494495,
    "MACRO_Precision": 0.853042136741722,
    "MACRO_Recall": 0.8072948161781446,
    "MACRO_F1-score": 0.8273638285324207,
    "Accuracy": 0.9758087474120083
}