{
    "micro_IoU": 0.9448665074886043,
    "micro_Precision": 0.9716517857142857,
    "micro_Recall": 0.9716517857142857,
    "micro_F1-score": 0.9716517857142857,
    "MACRO_IoU": 0.6809099126739002,
    "MACRO_Precision": 0.816819649056509,
    "MACRO_Recall": 0.7551200424583245,
    "MACRO_F1-score": 0.7821944212944109,
    "Accuracy": 0.9716517857142857
}