{
    "micro_IoU": 0.9596432171316636,
    "micro_Precision": 0.9794060559006211,
    "micro_Recall": 0.9794060559006211,
    "micro_F1-score": 0.9794060559006211,
    "MACRO_IoU": 0.7716282032382473,
    "MACRO_Precision": 0.8717956644118179,
    "MACRO_Recall": 0.8438815126002008,
    "MACRO_F1-score": 0.856461537145966,
    "Accuracy": 0.9794060559006211
}