{
    "micro_IoU": 0.9505361892232118,
    "micro_Precision": 0.9746409161490683,
    "micro_Recall": 0.9746409161490683,
    "micro_F1-score": 0.9746409161490683,
    "MACRO_IoU": 0.7420895740738314,
    "MACRO_Precision": 0.8481259962275797,
    "MACRO_Recall": 0.8212074042969103,
    "MACRO_F1-score": 0.8327485722635022,
    "Accuracy": 0.9746409161490683
}