{
    "micro_IoU": 0.9516630047730888,
    "micro_Precision": 0.9752329192546584,
    "micro_Recall": 0.9752329192546584,
    "micro_F1-score": 0.9752329192546584,
    "MACRO_IoU": 0.7336894000455687,
    "MACRO_Precision": 0.848233063342717,
    "MACRO_Recall": 0.8123609692241965,
    "MACRO_F1-score": 0.8285110905751389,
    "Accuracy": 0.9752329192546584
}