{
    "test_accuracy": 90.33870341614907,
    "test_loss": 0.3335540476515426,
    "test_IoU": 0.42154392950379804
}