{
    "test_accuracy": 89.77096273291926,
    "test_loss": 0.3251812011003493,
    "test_IoU": 0.39715017212047976
}