{
    "micro_IoU": 0.9466376054564928,
    "micro_Precision": 0.9725874017876103,
    "micro_Recall": 0.9725874017876103,
    "micro_F1-score": 0.9725874017876103,
    "MACRO_IoU": 0.6879192896666176,
    "MACRO_Precision": 0.8220437948336183,
    "MACRO_Recall": 0.7660316399201706,
    "MACRO_F1-score": 0.7881285517323893,
    "Accuracy": 0.9725874017876103
}