{
    "micro_IoU": 0.9592647225689322,
    "micro_Precision": 0.9792088955811664,
    "micro_Recall": 0.9792088955811664,
    "micro_F1-score": 0.9792088955811664,
    "MACRO_IoU": 0.7694405248134623,
    "MACRO_Precision": 0.8696580136078087,
    "MACRO_Recall": 0.8423129058274081,
    "MACRO_F1-score": 0.854896676820824,
    "Accuracy": 0.9792088955811664
}