{
    "micro_IoU": 0.9519005228204042,
    "micro_Precision": 0.9753576185787919,
    "micro_Recall": 0.9753576185787919,
    "micro_F1-score": 0.9753576185787919,
    "MACRO_IoU": 0.752965072626509,
    "MACRO_Precision": 0.8563144690573969,
    "MACRO_Recall": 0.8317138016351798,
    "MACRO_F1-score": 0.8428629901957064,
    "Accuracy": 0.9753576185787919
}