{
    "micro_IoU": 0.9525872223600845,
    "micro_Precision": 0.9757179719825229,
    "micro_Recall": 0.9757179719825229,
    "micro_F1-score": 0.9757179719825229,
    "MACRO_IoU": 0.73889148052727,
    "MACRO_Precision": 0.8520005316582846,
    "MACRO_Recall": 0.8182357946167793,
    "MACRO_F1-score": 0.8333051150060843,
    "Accuracy": 0.9757179719825229
}