{
    "test_accuracy": 88.68587762669962,
    "test_loss": 0.3917086192213742,
    "test_IoU": 0.476055867262373
}