{
    "test_accuracy": 97.22490347490348,
    "test_loss": 0.09153467470371844,
    "test_IoU": 0.683602880762765
}