{
    "test_accuracy": 97.98262548262548,
    "test_loss": 0.06723861127263966,
    "test_IoU": 0.7777638184137157
}