{
    "test_accuracy": 97.43725868725869,
    "test_loss": 0.07631029580995716,
    "test_IoU": 0.7508218727584911
}