{
    "micro_IoU": 0.7969846792406763,
    "micro_Precision": 0.8870244565217391,
    "micro_Recall": 0.8870244565217391,
    "micro_F1-score": 0.8870244565217391,
    "MACRO_IoU": 0.40124868051609186,
    "MACRO_Precision": 0.5486671156126173,
    "MACRO_Recall": 0.5040437261713875,
    "MACRO_F1-score": 0.5142877108831327,
    "Accuracy": 0.8870244565217391
}