{
    "micro_IoU": 0.9438435198649092,
    "micro_Precision": 0.9711105963205343,
    "micro_Recall": 0.9711105963205343,
    "micro_F1-score": 0.9711105963205343,
    "MACRO_IoU": 0.6812528297297225,
    "MACRO_Precision": 0.8025632276322495,
    "MACRO_Recall": 0.7624846274856842,
    "MACRO_F1-score": 0.7803738888872628,
    "Accuracy": 0.9711105963205343
}