{
    "micro_IoU": 0.9458698020359866,
    "micro_Precision": 0.9721820042084129,
    "micro_Recall": 0.9721820042084129,
    "micro_F1-score": 0.9721820042084129,
    "MACRO_IoU": 0.7088534739449163,
    "MACRO_Precision": 0.8222381755337167,
    "MACRO_Recall": 0.7963928293836481,
    "MACRO_F1-score": 0.8075769340436658,
    "Accuracy": 0.9721820042084129
}