{
    "micro_IoU": 0.9373550751739098,
    "micro_Precision": 0.9676647168973572,
    "micro_Recall": 0.9676647168973572,
    "micro_F1-score": 0.9676647168973572,
    "MACRO_IoU": 0.6925063718811066,
    "MACRO_Precision": 0.8183804759309441,
    "MACRO_Recall": 0.777040033986151,
    "MACRO_F1-score": 0.7951962732325948,
    "Accuracy": 0.9676647168973572
}