{
    "micro_IoU": 0.9423493349081807,
    "micro_Precision": 0.9703191058087681,
    "micro_Recall": 0.9703191058087681,
    "micro_F1-score": 0.9703191058087681,
    "MACRO_IoU": 0.6991761401158058,
    "MACRO_Precision": 0.8186284802464134,
    "MACRO_Recall": 0.7843528394815358,
    "MACRO_F1-score": 0.7997339332095499,
    "Accuracy": 0.9703191058087681
}