{
    "1": {
        "train_loss": 0.46747819154779663,
        "train_accuracy": 83.40036465036465,
        "train_IoU": 0.29877975802501144,
        "val_accuracy": 88.13281212296704,
        "val_loss": 0.31816689553574756,
        "val_IoU": 0.36157978549631703
    },
    "2": {
        "train_loss": 0.358171777512083,
        "train_accuracy": 86.29397254397254,
        "train_IoU": 0.375659351283295,
        "val_accuracy": 88.512459179898,
        "val_loss": 0.3060588489742684,
        "val_IoU": 0.38652563631486125
    },
    "3": {
        "train_loss": 0.34021891799787957,
        "train_accuracy": 86.73637923637924,
        "train_IoU": 0.3939376032725785,
        "val_accuracy": 88.46098161285653,
        "val_loss": 0.3052595165776618,
        "val_IoU": 0.39944391371560345
    },
    "4": {
        "train_loss": 0.3283964212045491,
        "train_accuracy": 87.03560703560703,
        "train_IoU": 0.4065153866217802,
        "val_accuracy": 88.76502099319531,
        "val_loss": 0.29954555941891275,
        "val_IoU": 0.41700652624296064
    },
    "5": {
        "train_loss": 0.31965779573972986,
        "train_accuracy": 87.23241098241098,
        "train_IoU": 0.41376381232493664,
        "val_accuracy": 88.46259028682657,
        "val_loss": 0.3022253159510256,
        "val_IoU": 0.4137569598054678
    },
    "6": {
        "train_loss": 0.31221201550535094,
        "train_accuracy": 87.33858858858858,
        "train_IoU": 0.42558666645806226,
        "val_accuracy": 88.55267602914917,
        "val_loss": 0.3074166828712806,
        "val_IoU": 0.39383487393790806
    },
    "7": {
        "train_loss": 0.30496147412016716,
        "train_accuracy": 87.51716001716001,
        "train_IoU": 0.43300980573907655,
        "val_accuracy": 88.58967553046024,
        "val_loss": 0.3042231320169731,
        "val_IoU": 0.40448344028039457
    },
    "8": {
        "train_loss": 0.2985460994459618,
        "train_accuracy": 87.68715143715143,
        "train_IoU": 0.4385999580940726,
        "val_accuracy": 88.48028570049709,
        "val_loss": 0.3105440366660618,
        "val_IoU": 0.4048969510340091
    },
    "9": {
        "train_loss": 0.2935909483129226,
        "train_accuracy": 87.8383740883741,
        "train_IoU": 0.4468368855778471,
        "val_accuracy": 88.64115309750173,
        "val_loss": 0.3068352907650752,
        "val_IoU": 0.4126040424455232
    },
    "10": {
        "train_loss": 0.28813615188196834,
        "train_accuracy": 87.89521664521665,
        "train_IoU": 0.44964034006820874,
        "val_accuracy": 88.49958978813763,
        "val_loss": 0.31276648408836777,
        "val_IoU": 0.40132638615720173
    },
    "11": {
        "train_loss": 0.2833364255261,
        "train_accuracy": 88.08933933933933,
        "train_IoU": 0.457398578032285,
        "val_accuracy": 88.41915608963531,
        "val_loss": 0.31299862639648907,
        "val_IoU": 0.40338675919806527
    },
    "12": {
        "train_loss": 0.27839740123356893,
        "train_accuracy": 88.16226941226941,
        "train_IoU": 0.4648479392446513,
        "val_accuracy": 88.34354841304312,
        "val_loss": 0.3169580951271722,
        "val_IoU": 0.40224034423710364
    },
    "13": {
        "train_loss": 0.2745957139396222,
        "train_accuracy": 88.24324324324324,
        "train_IoU": 0.46900357287900574,
        "val_accuracy": 88.22611521322973,
        "val_loss": 0.3190201195915046,
        "val_IoU": 0.39234789422946237
    },
    "14": {
        "train_loss": 0.27085074821235217,
        "train_accuracy": 88.26201201201201,
        "train_IoU": 0.472316253454059,
        "val_accuracy": 88.39663465405467,
        "val_loss": 0.3187748127206854,
        "val_IoU": 0.3992471552942568
    },
    "15": {
        "train_loss": 0.267221023212906,
        "train_accuracy": 88.41108966108966,
        "train_IoU": 0.47876839946455185,
        "val_accuracy": 88.17142029824817,
        "val_loss": 0.3225674822834539,
        "val_IoU": 0.3939684164777068
    },
    "16": {
        "train_loss": 0.26320769188845095,
        "train_accuracy": 88.51190476190476,
        "train_IoU": 0.49157541953054074,
        "val_accuracy": 88.08294322989559,
        "val_loss": 0.32678520644213954,
        "val_IoU": 0.388140043726214
    },
    "17": {
        "train_loss": 0.26051296925782014,
        "train_accuracy": 88.50117975117975,
        "train_IoU": 0.4836402498140234,
        "val_accuracy": 88.08776925180574,
        "val_loss": 0.3302179513338174,
        "val_IoU": 0.3933705268814244
    },
    "18": {
        "train_loss": 0.25778388635459293,
        "train_accuracy": 88.61379236379237,
        "train_IoU": 0.49326968800651194,
        "val_accuracy": 88.0652478162251,
        "val_loss": 0.3308532687187685,
        "val_IoU": 0.3916841441954216
    },
    "19": {
        "train_loss": 0.25391761935076357,
        "train_accuracy": 88.69154869154869,
        "train_IoU": 0.498318528816233,
        "val_accuracy": 87.96390135611216,
        "val_loss": 0.33442200125490223,
        "val_IoU": 0.4008091626130822
    },
    "20": {
        "train_loss": 0.2510825720811918,
        "train_accuracy": 88.74517374517374,
        "train_IoU": 0.5039036986800614,
        "val_accuracy": 87.98320544375271,
        "val_loss": 0.3358849971536009,
        "val_IoU": 0.37635002028894243
    },
    "21": {
        "train_loss": 0.24853551932390036,
        "train_accuracy": 88.83472758472759,
        "train_IoU": 0.5105700355044924,
        "val_accuracy": 87.97837942184258,
        "val_loss": 0.34079040415247813,
        "val_IoU": 0.3958181753804812
    },
    "22": {
        "train_loss": 0.24592713615361672,
        "train_accuracy": 88.85242385242385,
        "train_IoU": 0.5110556189145525,
        "val_accuracy": 87.86416356996928,
        "val_loss": 0.3405098281340834,
        "val_IoU": 0.3910399893689983
    },
    "23": {
        "train_loss": 0.24399308013993748,
        "train_accuracy": 88.93018018018019,
        "train_IoU": 0.5151284083688573,
        "val_accuracy": 88.00572687933337,
        "val_loss": 0.34379390717595215,
        "val_IoU": 0.39132912957977667
    },
    "24": {
        "train_loss": 0.24154875728678205,
        "train_accuracy": 88.99238524238524,
        "train_IoU": 0.5238814838106174,
        "val_accuracy": 87.923684506861,
        "val_loss": 0.3457244323574222,
        "val_IoU": 0.3872125281623705
    },
    "25": {
        "train_loss": 0.23977077311555609,
        "train_accuracy": 89.0122265122265,
        "train_IoU": 0.5204154996680488,
        "val_accuracy": 87.81912069880798,
        "val_loss": 0.34761719601880375,
        "val_IoU": 0.38755130887718103
    },
    "26": {
        "train_loss": 0.23755837733011656,
        "train_accuracy": 89.06638781638782,
        "train_IoU": 0.5278586398466422,
        "val_accuracy": 87.76764313176648,
        "val_loss": 0.35275334731480207,
        "val_IoU": 0.3774152334118656
    },
    "27": {
        "train_loss": 0.23524056016560202,
        "train_accuracy": 89.12215787215787,
        "train_IoU": 0.5315535768284217,
        "val_accuracy": 87.76120843588629,
        "val_loss": 0.35580023126715016,
        "val_IoU": 0.3857491209379608
    },
    "28": {
        "train_loss": 0.23292449813696625,
        "train_accuracy": 89.2009867009867,
        "train_IoU": 0.5373341385637375,
        "val_accuracy": 87.8754242877596,
        "val_loss": 0.3580789527100793,
        "val_IoU": 0.38523883213761395
    },
    "29": {
        "train_loss": 0.23137757877065623,
        "train_accuracy": 89.29375804375805,
        "train_IoU": 0.5350867791764892,
        "val_accuracy": 87.6019497128517,
        "val_loss": 0.3594395560768159,
        "val_IoU": 0.38542362872805047
    },
    "30": {
        "train_loss": 0.23012406425007254,
        "train_accuracy": 89.26158301158301,
        "train_IoU": 0.5372907838062578,
        "val_accuracy": 87.70168749899459,