{
    "1": {
        "train_loss": 0.7289832647467397,
        "train_accuracy": 80.52029639175258,
        "train_IoU": 0.23069847254937864,
        "val_accuracy": 93.847049689441,
        "val_loss": 0.19530297936119642,
        "val_IoU": 0.3605738511437428
    },
    "2": {
        "train_loss": 0.1740054600094397,
        "train_accuracy": 94.42815721649484,
        "train_IoU": 0.38048473660908183,
        "val_accuracy": 95.27853260869566,
        "val_loss": 0.1425694170066659,
        "val_IoU": 0.4156994036899907
    }
}