{
    "1": {
        "train_loss": 0.6544019761372004,
        "train_accuracy": 82.03443228105907,
        "train_IoU": 0.22783627303082593,
        "val_accuracy": 92.49424846625767,
        "val_loss": 0.22504432876508673,
        "val_IoU": 0.3420217117032572
    }
}