{
    "1": {
        "train_loss": 0.6951134111252681,
        "train_accuracy": 75.36528063851699,
        "train_IoU": 0.15862213903368497,
        "val_accuracy": 80.82672213622291,
        "val_loss": 0.4765392010426004,
        "val_IoU": 0.2038868969477301
    }
}