{
    "1": {
        "train_loss": 0.6902252049266873,
        "train_accuracy": 75.795732492276,
        "train_IoU": 0.16413882299355403,
        "val_accuracy": 82.2295859133127,
        "val_loss": 0.43481748544210236,
        "val_IoU": 0.23407842130916792
    }
}