{
    "1": {
        "train_loss": 0.39280264804678794,
        "train_accuracy": 89.03273043254377,
        "train_IoU": 0.30615250377845926,
        "val_accuracy": 94.34500773993808,
        "val_loss": 0.16802805982783864,
        "val_IoU": 0.4020234095882964
    }
}