{
    "1": {
        "train_loss": 0.6610994034821223,
        "train_accuracy": 79.36694587628867,
        "train_IoU": 0.24239482191674822,
        "val_accuracy": 94.28377329192547,
        "val_loss": 0.1936084834962899,
        "val_IoU": 0.38504015098756567
    },
    "2": {
        "train_loss": 0.17964864411612144,
        "train_accuracy": 94.30573453608247,
        "train_IoU": 0.38246279075529477,
        "val_accuracy": 95.02135093167702,
        "val_loss": 0.14617506868165464,
        "val_IoU": 0.41292606859184044
    },
    "3": {
        "train_loss": 0.1423679695071019,
        "train_accuracy": 95.03382731958763,
        "train_IoU": 0.41117609946303624,
        "val_accuracy": 95.81715838509317,
        "val_loss": 0.11890786602769211,
        "val_IoU": 0.45424046361131776
    },
    "4": {
        "train_loss": 0.12378593187049491,
        "train_accuracy": 95.63788659793815,
        "train_IoU": 0.45194343479140836,
        "val_accuracy": 95.97243788819875,
        "val_loss": 0.11002257566968478,
        "val_IoU": 0.47377922098826997
    },
    "5": {
        "train_loss": 0.11062518367447809,
        "train_accuracy": 95.98904639175258,
        "train_IoU": 0.4884569105875463,
        "val_accuracy": 96.1131599378882,
        "val_loss": 0.10552298004582807,
        "val_IoU": 0.5008268008720794
    },
    "6": {
        "train_loss": 0.10459257245985505,
        "train_accuracy": 96.12757731958763,
        "train_IoU": 0.500699063380024,
        "val_accuracy": 95.996700310559,
        "val_loss": 0.10589593928885753,
        "val_IoU": 0.5382877558850094
    },
    "7": {
        "train_loss": 0.0996448748044132,
        "train_accuracy": 96.23067010309279,
        "train_IoU": 0.529007580451094,
        "val_accuracy": 96.28299689440993,
        "val_loss": 0.09945394911496724,
        "val_IoU": 0.5471952930116019
    },
    "8": {
        "train_loss": 0.09306594073081143,
        "train_accuracy": 96.38530927835052,
        "train_IoU": 0.5479221154191025,
        "val_accuracy": 96.28299689440993,
        "val_loss": 0.09968916755979473,
        "val_IoU": 0.5612075431709524
    },
    "9": {
        "train_loss": 0.08977773915208184,
        "train_accuracy": 96.49484536082474,
        "train_IoU": 0.5562188535091787,
        "val_accuracy": 96.22961956521739,
        "val_loss": 0.09833180912486883,
        "val_IoU": 0.586487227003915
    },
    "10": {
        "train_loss": 0.08500916156725791,
        "train_accuracy": 96.66559278350515,
        "train_IoU": 0.5864575771230385,
        "val_accuracy": 96.39945652173914,
        "val_loss": 0.09490896384839129,
        "val_IoU": 0.5773149745812769
    },
    "11": {
        "train_loss": 0.07978774921334898,
        "train_accuracy": 96.77512886597938,
        "train_IoU": 0.5882183637764052,
        "val_accuracy": 96.43342391304348,
        "val_loss": 0.09478992392650301,
        "val_IoU": 0.5834338394961375
    },
    "12": {
        "train_loss": 0.07700513717670408,
        "train_accuracy": 96.86694587628865,
        "train_IoU": 0.608882686401832,
        "val_accuracy": 96.50135869565217,
        "val_loss": 0.09486963646197177,
        "val_IoU": 0.5717401760400642
    },
    "13": {
        "train_loss": 0.07598802544099784,
        "train_accuracy": 96.77835051546391,
        "train_IoU": 0.604291089014813,
        "val_accuracy": 96.51591614906833,
        "val_loss": 0.09380244074956234,
        "val_IoU": 0.5853311291467052
    },
    "14": {
        "train_loss": 0.07169705490130437,
        "train_accuracy": 96.93621134020619,
        "train_IoU": 0.6167254807341651,
        "val_accuracy": 96.80221273291926,
        "val_loss": 0.08833502174603829,
        "val_IoU": 0.6146634219488761
    }
}