{
    "1": {
        "train_loss": 0.10584693503909343,
        "train_accuracy": 96.57078815567924,
        "train_IoU": 0.661748413145302,
        "val_accuracy": 97.06885456885456,
        "val_loss": 0.07794184435289278,
        "val_IoU": 0.686706030444681
    },
    "2": {
        "train_loss": 0.03535208058500031,
        "train_accuracy": 98.33821305620796,
        "train_IoU": 0.8186961022735219,
        "val_accuracy": 97.0978120978121,
        "val_loss": 0.08140566515153723,
        "val_IoU": 0.6861741139087104
    },
    "3": {
        "train_loss": 0.028425726591492426,
        "train_accuracy": 98.55431506922771,
        "train_IoU": 0.8485730298971849,
        "val_accuracy": 97.1605534105534,
        "val_loss": 0.08457783973486444,
        "val_IoU": 0.6749897630752978
    },
    "4": {
        "train_loss": 0.023882092815100286,
        "train_accuracy": 98.70338792188153,
        "train_IoU": 0.8648400671489614,
        "val_accuracy": 97.1380308880309,
        "val_loss": 0.08721404091154172,
        "val_IoU": 0.6853696149484755
    },
    "5": {
        "train_loss": 0.020534519877271347,
        "train_accuracy": 98.86372167347683,
        "train_IoU": 0.8863099465679352,
        "val_accuracy": 97.11389961389962,
        "val_loss": 0.08965914340645706,
        "val_IoU": 0.6857783013308306
    },
    "6": {
        "train_loss": 0.01817107739644671,
        "train_accuracy": 98.94362043263301,
        "train_IoU": 0.8944724272871681,
        "val_accuracy": 97.05759330759331,
        "val_loss": 0.09560765927406449,
        "val_IoU": 0.6823029366934754
    },
    "7": {
        "train_loss": 0.01588512523035537,
        "train_accuracy": 99.05247578906727,
        "train_IoU": 0.9062770879725891,
        "val_accuracy": 97.06081081081082,
        "val_loss": 0.09998279521165125,
        "val_IoU": 0.6808232110173006
    },
    "8": {
        "train_loss": 0.014419843314936913,
        "train_accuracy": 99.10609911736002,
        "train_IoU": 0.9115004403543343,
        "val_accuracy": 96.88706563706563,
        "val_loss": 0.10349109822955108,
        "val_IoU": 0.6818256391425906
    },
    "9": {
        "train_loss": 0.012892976662753885,
        "train_accuracy": 99.19243267591132,
        "train_IoU": 0.9203784008141449,
        "val_accuracy": 97.06402831402832,
        "val_loss": 0.10955459835944865,
        "val_IoU": 0.6805127530761362
    },
    "10": {
        "train_loss": 0.011626984859258558,
        "train_accuracy": 99.27823000117971,
        "train_IoU": 0.9285423986125373,
        "val_accuracy": 96.994851994852,
        "val_loss": 0.11109162153773885,
        "val_IoU": 0.6885664730119477
    },
    "11": {
        "train_loss": 0.01073037708540035,
        "train_accuracy": 99.3173750308334,
        "train_IoU": 0.9299945519345435,
        "val_accuracy": 96.80662805662806,
        "val_loss": 0.11912183781631618,
        "val_IoU": 0.6802516112497137
    },
    "12": {
        "train_loss": 0.009786336256546542,
        "train_accuracy": 99.3581287603359,
        "train_IoU": 0.9362390669510612,
        "val_accuracy": 96.96750321750322,
        "val_loss": 0.12134205379943484,
        "val_IoU": 0.6820826098302686
    },
    "13": {
        "train_loss": 0.009091522326478524,
        "train_accuracy": 99.42194052100426,
        "train_IoU": 0.942894591687881,
        "val_accuracy": 96.87419562419562,
        "val_loss": 0.1270943611270772,
        "val_IoU": 0.6800633016918498
    },
    "14": {
        "train_loss": 0.008491995563042566,
        "train_accuracy": 99.46054931737504,
        "train_IoU": 0.9502844615439902,
        "val_accuracy": 97.07207207207207,
        "val_loss": 0.1296660781736622,
        "val_IoU": 0.6907630125731223
    },
    "15": {
        "train_loss": 0.007530102073657602,
        "train_accuracy": 99.51739004536535,
        "train_IoU": 0.9519663082807733,
        "val_accuracy": 96.89510939510939,
        "val_loss": 0.1365795375362716,
        "val_IoU": 0.6811284338817275
    },
    "16": {
        "train_loss": 0.007024204209903133,
        "train_accuracy": 99.54581040936048,
        "train_IoU": 0.9534299345474693,
        "val_accuracy": 96.99967824967824,
        "val_loss": 0.13929550580429081,
        "val_IoU": 0.6869660321674658
    },
    "17": {
        "train_loss": 0.006846712029797485,
        "train_accuracy": 99.54688287592634,
        "train_IoU": 0.9519924372521947,
        "val_accuracy": 96.96589446589446,
        "val_loss": 0.13988733038338794,
        "val_IoU": 0.6786154592838194
    },
    "18": {
        "train_loss": 0.00645763655249979,
        "train_accuracy": 99.5597524747166,
        "train_IoU": 0.9546876754263895,
        "val_accuracy": 96.86454311454311,
        "val_loss": 0.14395585924663884,
        "val_IoU": 0.677746305286218
    },
    "19": {
        "train_loss": 0.006563346050573014,
        "train_accuracy": 99.58227427259955,
        "train_IoU": 0.959352050999857,
        "val_accuracy": 96.96589446589446,
        "val_loss": 0.14438843279463762,
        "val_IoU": 0.6842598591624698
    },
    "20": {
        "train_loss": 0.005311043142893416,
        "train_accuracy": 99.65144836609718,
        "train_IoU": 0.9665623594842815,
        "val_accuracy": 96.98680823680824,
        "val_loss": 0.14933812420092057,
        "val_IoU": 0.6890412092675724
    },
    "21": {
        "train_loss": 0.00529815323290226,
        "train_accuracy": 99.65734693220939,
        "train_IoU": 0.9671791673435803,
        "val_accuracy": 96.90315315315316,
        "val_loss": 0.15242117053279158,
        "val_IoU": 0.6817051132082385
    },
    "22": {
        "train_loss": 0.005291428304734381,
        "train_accuracy": 99.65305706594597,
        "train_IoU": 0.963776117089662,
        "val_accuracy": 96.94980694980696,
        "val_loss": 0.1530138850015676,
        "val_IoU": 0.6817740555085382
    },
    "23": {
        "train_loss": 0.0049243849327065626,
        "train_accuracy": 99.6852310629216,
        "train_IoU": 0.9666192154391687,
        "val_accuracy": 96.92728442728443,
        "val_loss": 0.1571499653457122,
        "val_IoU": 0.6775023470152182
    },
    "24": {
        "train_loss": 0.004733563203465875,
        "train_accuracy": 99.69434702873137,
        "train_IoU": 0.9697709462222868,
        "val_accuracy": 97.014157014157,
        "val_loss": 0.16381758651677875,
        "val_IoU": 0.6764690817784157
    },
    "25": {
        "train_loss": 0.004477139062334825,
        "train_accuracy": 99.71150649378505,
        "train_IoU": 0.9680704827557772,
        "val_accuracy": 96.84684684684684,
        "val_loss": 0.16622559371455975,
        "val_IoU": 0.6778556692748668
    },
    "26": {
        "train_loss": 0.004472836111543979,
        "train_accuracy": 99.71579636004849,
        "train_IoU": 0.9698469252180818,
        "val_accuracy": 96.92245817245816,
        "val_loss": 0.17142442823148138,
        "val_IoU": 0.6765531978197104
    },
    "27": {
        "train_loss": 0.0038088539176653617,
        "train_accuracy": 99.75065152343876,
        "train_IoU": 0.9691772187852307,
        "val_accuracy": 96.98841698841699,
        "val_loss": 0.1701847764242649,
        "val_IoU": 0.6769951133930556
    },
    "28": {
        "train_loss": 0.004228617327789683,
        "train_accuracy": 99.72705725898994,
        "train_IoU": 0.9732748385832162,
        "val_accuracy": 96.92245817245816,
        "val_loss": 0.17484331294076683,
        "val_IoU": 0.6767763809523233
    },
    "29": {
        "train_loss": 0.003556807883068389,
        "train_accuracy": 99.76995592162415,
        "train_IoU": 0.9758173809251407,
        "val_accuracy": 96.90315315315316,
        "val_loss": 0.18260888896457128,
        "val_IoU": 0.6728810699470662
    },
    "30": {
        "train_loss": 0.004104388021573326,
        "train_accuracy": 99.72866595883873,
        "train_IoU": 0.9736142648791594,