{
    "1": {
        "train_loss": 0.10427027750522547,
        "train_accuracy": 96.54129532511824,
        "train_IoU": 0.6624802143627136,
        "val_accuracy": 96.91602316602317,
        "val_loss": 0.08225164940550056,
        "val_IoU": 0.6920683337435095
    },
    "2": {
        "train_loss": 0.0338181291381504,
        "train_accuracy": 98.38272041869095,
        "train_IoU": 0.8225056545210843,
        "val_accuracy": 97.0945945945946,
        "val_loss": 0.08178510480759653,
        "val_IoU": 0.6922549328066383
    },
    "3": {
        "train_loss": 0.02726987780491436,
        "train_accuracy": 98.57898180024239,
        "train_IoU": 0.8506777795161895,
        "val_accuracy": 97.14285714285714,
        "val_loss": 0.08525809435530293,
        "val_IoU": 0.6951816334395886
    },
    "4": {
        "train_loss": 0.02291093506037234,
        "train_accuracy": 98.74843151764743,
        "train_IoU": 0.8737749617406043,
        "val_accuracy": 97.11389961389962,
        "val_loss": 0.09001834313059408,
        "val_IoU": 0.6989282279004915
    },
    "5": {
        "train_loss": 0.019460514663541578,
        "train_accuracy": 98.8867797046427,
        "train_IoU": 0.888861817511214,
        "val_accuracy": 97.04954954954955,
        "val_loss": 0.09408570822316817,
        "val_IoU": 0.6882714695041984
    },
    "6": {
        "train_loss": 0.017309043920878894,
        "train_accuracy": 98.97954806258915,
        "train_IoU": 0.8985681687090576,
        "val_accuracy": 96.99967824967824,
        "val_loss": 0.09879915391137147,
        "val_IoU": 0.6900432900082457
    },
    "7": {
        "train_loss": 0.014885738133537524,
        "train_accuracy": 99.09483821841854,
        "train_IoU": 0.9101380965817188,
        "val_accuracy": 97.0913770913771,
        "val_loss": 0.10122526440325812,
        "val_IoU": 0.6971068018461533
    },
    "8": {
        "train_loss": 0.013424829035336545,
        "train_accuracy": 99.17312827772594,
        "train_IoU": 0.9208507175748698,
        "val_accuracy": 96.82432432432432,
        "val_loss": 0.1085074217755293,
        "val_IoU": 0.6860610431096879
    },
    "9": {
        "train_loss": 0.012090786365257943,
        "train_accuracy": 99.25463573673092,
        "train_IoU": 0.9260772229344798,
        "val_accuracy": 96.9417631917632,
        "val_loss": 0.11043776142499086,
        "val_IoU": 0.6924239361565536
    },
    "10": {
        "train_loss": 0.010865524110954617,
        "train_accuracy": 99.30075179906265,
        "train_IoU": 0.9312049086233299,
        "val_accuracy": 96.89671814671814,
        "val_loss": 0.1151980197554408,
        "val_IoU": 0.7013630822640078
    },
    "11": {
        "train_loss": 0.01020468382105552,
        "train_accuracy": 99.35008526109198,
        "train_IoU": 0.9341634074322356,
        "val_accuracy": 97.03346203346203,
        "val_loss": 0.11910985652194453,
        "val_IoU": 0.6957667791512014
    },
    "12": {
        "train_loss": 0.009018359748782378,
        "train_accuracy": 99.43159272009694,
        "train_IoU": 0.9448394742364963,
        "val_accuracy": 96.97554697554698,
        "val_loss": 0.12492448013273948,
        "val_IoU": 0.6942439417708554
    },
    "13": {
        "train_loss": 0.0083336135998222,
        "train_accuracy": 99.47020151646772,
        "train_IoU": 0.9482991880274627,
        "val_accuracy": 97.03989703989704,
        "val_loss": 0.12896291984385552,
        "val_IoU": 0.6966406963178912
    },
    "14": {
        "train_loss": 0.007771420597861861,
        "train_accuracy": 99.48628851495555,
        "train_IoU": 0.9473516155395931,
        "val_accuracy": 96.90797940797941,
        "val_loss": 0.12835753999684987,
        "val_IoU": 0.6959450542082428
    },
    "15": {
        "train_loss": 0.007418137685811535,
        "train_accuracy": 99.53562197698487,
        "train_IoU": 0.9536970403989325,
        "val_accuracy": 96.994851994852,
        "val_loss": 0.13491184255941818,
        "val_IoU": 0.6919896368555365
    },
    "16": {
        "train_loss": 0.006606783424160732,
        "train_accuracy": 99.56725974067759,
        "train_IoU": 0.9606953129852582,
        "val_accuracy": 96.92245817245816,
        "val_loss": 0.1374569210451894,
        "val_IoU": 0.697720135105305
    },
    "17": {
        "train_loss": 0.006557099597045808,
        "train_accuracy": 99.56618727411173,
        "train_IoU": 0.9497995369005758,
        "val_accuracy": 96.90797940797941,
        "val_loss": 0.1414581669575712,
        "val_IoU": 0.695759651067195
    },
    "18": {
        "train_loss": 0.006175162042618571,
        "train_accuracy": 99.5929989382581,
        "train_IoU": 0.9582656357494945,
        "val_accuracy": 96.91441441441442,
        "val_loss": 0.14094874233005295,
        "val_IoU": 0.6931992858749612
    },
    "19": {
        "train_loss": 0.005810173584595373,
        "train_accuracy": 99.61927436912154,
        "train_IoU": 0.959999360257604,
        "val_accuracy": 96.93854568854569,
        "val_loss": 0.1462325233359602,
        "val_IoU": 0.6944830344355103
    },
    "20": {
        "train_loss": 0.005090533796803598,
        "train_accuracy": 99.65895563205817,
        "train_IoU": 0.9644481315904448,
        "val_accuracy": 96.88545688545689,
        "val_loss": 0.1504394807702196,
        "val_IoU": 0.6888002777254147
    },
    "21": {
        "train_loss": 0.005430323039537884,
        "train_accuracy": 99.65412953251183,
        "train_IoU": 0.9631943063373214,
        "val_accuracy": 96.93371943371943,
        "val_loss": 0.15356531320508027,
        "val_IoU": 0.6904044561363699
    },
    "22": {
        "train_loss": 0.00473202575238387,
        "train_accuracy": 99.71150649378505,
        "train_IoU": 0.9712355971003094,
        "val_accuracy": 96.93693693693693,
        "val_loss": 0.15995892487786617,
        "val_IoU": 0.6948518795366301
    },
    "23": {
        "train_loss": 0.004812521363974923,
        "train_accuracy": 99.67772379696062,
        "train_IoU": 0.9643924342643148,
        "val_accuracy": 96.97554697554698,
        "val_loss": 0.16008149786615647,
        "val_IoU": 0.6884979937952551
    },
    "24": {
        "train_loss": 0.004682289953119945,
        "train_accuracy": 99.68791222933625,
        "train_IoU": 0.9674265719806951,
        "val_accuracy": 96.9546332046332,
        "val_loss": 0.15869255333651636,
        "val_IoU": 0.6905094132895775
    },
    "25": {
        "train_loss": 0.004037521305826542,
        "train_accuracy": 99.73670945808264,
        "train_IoU": 0.9733013344847473,
        "val_accuracy": 96.94337194337194,
        "val_loss": 0.16412415250077292,
        "val_IoU": 0.6907201253547947
    },
    "26": {
        "train_loss": 0.0038606607045510955,
        "train_accuracy": 99.74850659030704,
        "train_IoU": 0.9729616094633486,
        "val_accuracy": 96.88545688545689,
        "val_loss": 0.1710545989872677,
        "val_IoU": 0.6837685401592832
    },
    "27": {
        "train_loss": 0.004028146590521267,
        "train_accuracy": 99.73510075823387,
        "train_IoU": 0.9719147869648346,
        "val_accuracy": 96.88706563706563,
        "val_loss": 0.17125786833693604,
        "val_IoU": 0.6838865472989223
    },
    "28": {
        "train_loss": 0.003922662167043234,
        "train_accuracy": 99.75172399000462,
        "train_IoU": 0.9721228012099037,
        "val_accuracy": 96.96589446589446,
        "val_loss": 0.1730202730289684,
        "val_IoU": 0.6924600841957955
    },
    "29": {
        "train_loss": 0.0037081799029802646,
        "train_accuracy": 99.75172399000462,
        "train_IoU": 0.9742099362884569,
        "val_accuracy": 96.92406692406692,
        "val_loss": 0.1781991414414742,
        "val_IoU": 0.6848301335280832
    },
    "30": {
        "train_loss": 0.003706192184949861,
        "train_accuracy": 99.76030372253145,
        "train_IoU": 0.9748378290775166,