{
    "micro_IoU": 0.9423002610719975,
    "micro_Precision": 0.9702930900621118,
    "micro_Recall": 0.9702930900621118,
    "micro_F1-score": 0.9702930900621118,
    "MACRO_IoU": 0.6466580393257907,
    "MACRO_Precision": 0.7829153521142446,
    "MACRO_Recall": 0.7305733987383123,
    "MACRO_F1-score": 0.7514726739197066,
    "Accuracy": 0.9702930900621118
}