{
    "micro_IoU": 0.944958284570954,
    "micro_Precision": 0.9717003105590062,
    "micro_Recall": 0.9717003105590062,
    "micro_F1-score": 0.9717003105590062,
    "MACRO_IoU": 0.7007643253900813,
    "MACRO_Precision": 0.8250929985440916,
    "MACRO_Recall": 0.7838599662432358,
    "MACRO_F1-score": 0.8013025142431405,
    "Accuracy": 0.9717003105590062
}