{
    "1": {
        "train_loss": 0.13016522065758723,
        "train_accuracy": 95.96752571238592,
        "train_IoU": 0.6412917236917242,
        "val_accuracy": 96.99646074646074,
        "val_loss": 0.08359230085517522,
        "val_IoU": 0.6933062217974316
    },
    "2": {
        "train_loss": 0.03619242255629,
        "train_accuracy": 98.27654622867132,
        "train_IoU": 0.8123112096907267,
        "val_accuracy": 97.06081081081082,
        "val_loss": 0.08413861779454872,
        "val_IoU": 0.6759764363042138
    },
    "3": {
        "train_loss": 0.027518721882096624,
        "train_accuracy": 98.56664843473504,
        "train_IoU": 0.8459379825455446,
        "val_accuracy": 97.1573359073359,
        "val_loss": 0.08744082704460475,
        "val_IoU": 0.699795208993017
    },
    "4": {
        "train_loss": 0.023092601628313784,
        "train_accuracy": 98.72590971976449,
        "train_IoU": 0.8679271378590308,
        "val_accuracy": 96.99967824967824,
        "val_loss": 0.0917464652129376,
        "val_IoU": 0.6924683452746387
    },
    "5": {
        "train_loss": 0.019287927491784092,
        "train_accuracy": 98.87766373883295,
        "train_IoU": 0.8839713433968581,
        "val_accuracy": 97.06724581724582,
        "val_loss": 0.09617715798186162,
        "val_IoU": 0.690070885046495
    },
    "6": {
        "train_loss": 0.016172955957063626,
        "train_accuracy": 99.0315626910331,
        "train_IoU": 0.8978043094985694,
        "val_accuracy": 96.98680823680824,
        "val_loss": 0.10286458270023514,
        "val_IoU": 0.6792788814130307
    },
    "7": {
        "train_loss": 0.014606799431074555,
        "train_accuracy": 99.11146145018928,
        "train_IoU": 0.9093538591902719,
        "val_accuracy": 97.03507078507079,
        "val_loss": 0.10289661749505621,
        "val_IoU": 0.6893966028765581
    },
    "8": {
        "train_loss": 0.012771599078587681,
        "train_accuracy": 99.2310414722821,
        "train_IoU": 0.9178138688814099,
        "val_accuracy": 97.02541827541828,
        "val_loss": 0.10914151044298974,
        "val_IoU": 0.6888352959512561
    },
    "9": {
        "train_loss": 0.010675312193788455,
        "train_accuracy": 99.32649099664317,
        "train_IoU": 0.9301697020802078,
        "val_accuracy": 96.93371943371943,
        "val_loss": 0.11718746104637935,
        "val_IoU": 0.6718390063061082
    },
    "10": {
        "train_loss": 0.01032273532004066,
        "train_accuracy": 99.37099835912615,
        "train_IoU": 0.933679209643398,
        "val_accuracy": 97.03667953667954,
        "val_loss": 0.11622645024800923,
        "val_IoU": 0.6875932273622289
    },
    "11": {
        "train_loss": 0.009322915962056599,
        "train_accuracy": 99.4326651866628,
        "train_IoU": 0.9369234448722349,
        "val_accuracy": 96.93854568854569,
        "val_loss": 0.11870292892818267,
        "val_IoU": 0.6840383051875939
    },
    "12": {
        "train_loss": 0.00831436595702157,
        "train_accuracy": 99.45840438424332,
        "train_IoU": 0.9386219618559721,
        "val_accuracy": 96.94980694980696,
        "val_loss": 0.12448761826084066,
        "val_IoU": 0.6916905496340792
    },
    "13": {
        "train_loss": 0.0073831787766813145,
        "train_accuracy": 99.54259300966292,
        "train_IoU": 0.9554007315319689,
        "val_accuracy": 96.97072072072072,
        "val_loss": 0.12938213596597642,
        "val_IoU": 0.6937764659430534
    },
    "14": {
        "train_loss": 0.007166598256767945,
        "train_accuracy": 99.51363641238484,
        "train_IoU": 0.9458300730583817,
        "val_accuracy": 96.98519948519947,
        "val_loss": 0.13100213532450067,
        "val_IoU": 0.6883802511801874
    },
    "15": {
        "train_loss": 0.006357396043620315,
        "train_accuracy": 99.59514387138981,
        "train_IoU": 0.9585370117317714,
        "val_accuracy": 96.91763191763192,
        "val_loss": 0.1380702227640536,
        "val_IoU": 0.6834295125205887
    },
    "16": {
        "train_loss": 0.006294129346222447,
        "train_accuracy": 99.57905687290199,
        "train_IoU": 0.952182935055569,
        "val_accuracy": 97.04311454311454,
        "val_loss": 0.1413341086597848,
        "val_IoU": 0.6885535164715485
    },
    "17": {
        "train_loss": 0.005580390431817846,
        "train_accuracy": 99.62249176881912,
        "train_IoU": 0.9577153611247049,
        "val_accuracy": 96.85489060489061,
        "val_loss": 0.1448987314885735,
        "val_IoU": 0.6813863228275843
    },
    "18": {
        "train_loss": 0.005543635473879048,
        "train_accuracy": 99.6439411001362,
        "train_IoU": 0.9592904670276218,
        "val_accuracy": 96.93532818532819,
        "val_loss": 0.14277885131642845,
        "val_IoU": 0.683219165555848
    },
    "19": {
        "train_loss": 0.00511152153106775,
        "train_accuracy": 99.67343393069721,
        "train_IoU": 0.9628808465067598,
        "val_accuracy": 97.04311454311454,
        "val_loss": 0.14955044864080913,
        "val_IoU": 0.6931896883414537
    },
    "20": {
        "train_loss": 0.004463118735501138,
        "train_accuracy": 99.71794129318019,
        "train_IoU": 0.9703672770569913,
        "val_accuracy": 96.88545688545689,
        "val_loss": 0.15050211291224347,
        "val_IoU": 0.6826109481543665
    },
    "21": {
        "train_loss": 0.004268875642181633,
        "train_accuracy": 99.70775286080456,
        "train_IoU": 0.9708045451976185,
        "val_accuracy": 96.93532818532819,
        "val_loss": 0.15747692066723484,
        "val_IoU": 0.6908686730262855
    },
    "22": {
        "train_loss": 0.004656654168230822,
        "train_accuracy": 99.70346299454114,
        "train_IoU": 0.9662138851808473,
        "val_accuracy": 97.01254826254826,
        "val_loss": 0.1549225758745359,
        "val_IoU": 0.6981609244745858
    },
    "23": {
        "train_loss": 0.004199935125929906,
        "train_accuracy": 99.70936156065335,
        "train_IoU": 0.9668687440578342,
        "val_accuracy": 96.94658944658944,
        "val_loss": 0.1573817494986524,
        "val_IoU": 0.6869435147214924
    },
    "24": {
        "train_loss": 0.003971054240034841,
        "train_accuracy": 99.74850659030704,
        "train_IoU": 0.9670756230066931,
        "val_accuracy": 96.92567567567568,
        "val_loss": 0.1618215046857264,
        "val_IoU": 0.6760795773789132
    },
    "25": {
        "train_loss": 0.0035824655655199945,
        "train_accuracy": 99.77424578788757,
        "train_IoU": 0.9709308498423784,
        "val_accuracy": 97.03989703989704,
        "val_loss": 0.16491125500236992,
        "val_IoU": 0.6880356697238316
    },
    "26": {
        "train_loss": 0.003564489277823451,
        "train_accuracy": 99.76995592162415,
        "train_IoU": 0.974276585599919,
        "val_accuracy": 96.9047619047619,
        "val_loss": 0.16731777421495866,
        "val_IoU": 0.6950443805712564
    },
    "27": {
        "train_loss": 0.00361200244668013,
        "train_accuracy": 99.76888345505829,
        "train_IoU": 0.9744641121559618,
        "val_accuracy": 97.01576576576576,
        "val_loss": 0.16384575639862395,
        "val_IoU": 0.6919074450164617
    },
    "28": {
        "train_loss": 0.0031169542722457757,
        "train_accuracy": 99.79784005233637,
        "train_IoU": 0.9737095158585436,
        "val_accuracy": 96.91924066924066,
        "val_loss": 0.17057020357504435,
        "val_IoU": 0.6877357386867183
    },
    "29": {
        "train_loss": 0.003580431309346398,
        "train_accuracy": 99.7651298220778,
        "train_IoU": 0.9673233724462665,
        "val_accuracy": 96.97715572715573,
        "val_loss": 0.17290270880727984,
        "val_IoU": 0.6875274224435138
    },
    "30": {
        "train_loss": 0.0029101066578282792,
        "train_accuracy": 99.81124588440954,
        "train_IoU": 0.979082565715899,