{
    "test_accuracy": 97.10907335907336,
    "test_loss": 0.11005473516401437,
    "test_IoU": 0.6719084778539544
}