{
    "test_accuracy": 97.98262548262548,
    "test_loss": 0.08527600942474194,
    "test_IoU": 0.7759279996532493
}