{
    "test_accuracy": 97.77027027027026,
    "test_loss": 0.09442473183577174,
    "test_IoU": 0.7716441929867272
}