{
    "micro_IoU": 0.8224266006367174,
    "micro_Precision": 0.9025621118012422,
    "micro_Recall": 0.9025621118012422,
    "micro_F1-score": 0.9025621118012422,
    "MACRO_IoU": 0.45451084781445,
    "MACRO_Precision": 0.6009931731792113,
    "MACRO_Recall": 0.5920357638682883,
    "MACRO_F1-score": 0.5637611985152815,
    "Accuracy": 0.9025621118012422
}