{
    "1": {
        "train_loss": 0.10773572551186258,
        "train_accuracy": 96.5016140621816,
        "train_IoU": 0.6643847639319901,
        "val_accuracy": 97.08976833976834,
        "val_loss": 0.08164196334196704,
        "val_IoU": 0.7006361554121396
    },
    "2": {
        "train_loss": 0.035783348871265816,
        "train_accuracy": 98.32802462383235,
        "train_IoU": 0.8141919373992058,
        "val_accuracy": 97.04633204633205,
        "val_loss": 0.08407582041382052,
        "val_IoU": 0.687809646394381
    },
    "3": {
        "train_loss": 0.029422858937380773,
        "train_accuracy": 98.5108801733106,
        "train_IoU": 0.8373296919352538,
        "val_accuracy": 97.13481338481338,
        "val_loss": 0.0857715433800723,
        "val_IoU": 0.6967916664793283
    },
    "4": {
        "train_loss": 0.024631760124207938,
        "train_accuracy": 98.67496755788639,
        "train_IoU": 0.8591075572224627,
        "val_accuracy": 97.11389961389962,
        "val_loss": 0.08975057628431164,
        "val_IoU": 0.6939661085599711
    },
    "5": {
        "train_loss": 0.02124923728727627,
        "train_accuracy": 98.80902587861824,
        "train_IoU": 0.8743171366054151,
        "val_accuracy": 97.10907335907336,
        "val_loss": 0.0938189359988544,
        "val_IoU": 0.6996478765959646
    },
    "6": {
        "train_loss": 0.018768851238915838,
        "train_accuracy": 98.94362043263301,
        "train_IoU": 0.8863818777308345,
        "val_accuracy": 97.12676962676963,
        "val_loss": 0.09842936204048819,
        "val_IoU": 0.703989119866932
    },
    "7": {
        "train_loss": 0.01651697227154945,
        "train_accuracy": 99.0235191917892,
        "train_IoU": 0.8982198075811919,
        "val_accuracy": 97.07850707850709,
        "val_loss": 0.10164490658234143,
        "val_IoU": 0.6927450657980596
    },
    "8": {
        "train_loss": 0.014929482793442148,
        "train_accuracy": 99.11467884988684,
        "train_IoU": 0.9109098221764075,
        "val_accuracy": 96.9514157014157,
        "val_loss": 0.10667369494582576,
        "val_IoU": 0.695631426345823
    },
    "9": {
        "train_loss": 0.013697518097532689,
        "train_accuracy": 99.15167894640885,
        "train_IoU": 0.9090316654775631,
        "val_accuracy": 97.02220077220078,
        "val_loss": 0.11203564477796042,
        "val_IoU": 0.698404511631272
    },
    "10": {
        "train_loss": 0.011950883602579811,
        "train_accuracy": 99.25624443657969,
        "train_IoU": 0.9279777427277672,
        "val_accuracy": 96.95785070785071,
        "val_loss": 0.11482234514072168,
        "val_IoU": 0.6955635090723951
    },
    "11": {
        "train_loss": 0.010931959035282197,
        "train_accuracy": 99.32005619724805,
        "train_IoU": 0.9320040085115439,
        "val_accuracy": 97.03507078507079,
        "val_loss": 0.12204878262463104,
        "val_IoU": 0.7022503685249163
    },
    "12": {
        "train_loss": 0.010384824130694192,
        "train_accuracy": 99.342577995131,
        "train_IoU": 0.9351007620645374,
        "val_accuracy": 96.96106821106821,
        "val_loss": 0.12281679224755632,
        "val_IoU": 0.6970765895652534
    },
    "13": {
        "train_loss": 0.009129693888490718,
        "train_accuracy": 99.41711442145791,
        "train_IoU": 0.9462615138494627,
        "val_accuracy": 97.01898326898328,
        "val_loss": 0.12997830351872117,
        "val_IoU": 0.6884051010236356
    },
    "14": {
        "train_loss": 0.00851572758386563,
        "train_accuracy": 99.45894061752625,
        "train_IoU": 0.9461650387980217,
        "val_accuracy": 96.93693693693693,
        "val_loss": 0.13201169700935705,
        "val_IoU": 0.6960822494460366
    },
    "15": {
        "train_loss": 0.008028490732566949,
        "train_accuracy": 99.47234644959944,
        "train_IoU": 0.9449900291330279,
        "val_accuracy": 96.85489060489061,
        "val_loss": 0.13983454868594364,
        "val_IoU": 0.6879943180555406
    },
    "16": {
        "train_loss": 0.007348756536466823,
        "train_accuracy": 99.53454951041901,
        "train_IoU": 0.9523423864817321,
        "val_accuracy": 96.95624195624195,
        "val_loss": 0.14372661473206044,
        "val_IoU": 0.6969191735372509
    },
    "17": {
        "train_loss": 0.00687779183331474,
        "train_accuracy": 99.54849157577512,
        "train_IoU": 0.9548731561953581,
        "val_accuracy": 96.7985842985843,
        "val_loss": 0.14596303130012325,
        "val_IoU": 0.6921007997949108
    },
    "18": {
        "train_loss": 0.006719274512193913,
        "train_accuracy": 99.55707130830196,
        "train_IoU": 0.9554589600388596,
        "val_accuracy": 96.94337194337194,
        "val_loss": 0.14922563124427346,
        "val_IoU": 0.6957573517134399
    },
    "19": {
        "train_loss": 0.006527124653260362,
        "train_accuracy": 99.57691193977027,
        "train_IoU": 0.9559716206823035,
        "val_accuracy": 96.99324324324324,
        "val_loss": 0.15019551104455883,
        "val_IoU": 0.6892584264841836
    },
    "20": {
        "train_loss": 0.005725056906775971,
        "train_accuracy": 99.63857876730692,
        "train_IoU": 0.9659553741429425,
        "val_accuracy": 96.95624195624195,
        "val_loss": 0.1575025121677559,
        "val_IoU": 0.6934049689140864
    },
    "21": {
        "train_loss": 0.005504264580030257,
        "train_accuracy": 99.64018746715571,
        "train_IoU": 0.9654762875721603,
        "val_accuracy": 96.91924066924066,
        "val_loss": 0.1609477578087924,
        "val_IoU": 0.702365410951159
    },
    "22": {
        "train_loss": 0.00559753396352485,
        "train_accuracy": 99.64662226655085,
        "train_IoU": 0.9617298904063389,
        "val_accuracy": 96.87902187902188,
        "val_loss": 0.16173307918402133,
        "val_IoU": 0.6948350589766317
    },
    "23": {
        "train_loss": 0.005221495905155235,
        "train_accuracy": 99.67557886382892,
        "train_IoU": 0.9632541347221061,
        "val_accuracy": 97.01576576576576,
        "val_loss": 0.161901808071713,
        "val_IoU": 0.7002468576641834
    },
    "24": {
        "train_loss": 0.004686058029089155,
        "train_accuracy": 99.71097026050214,
        "train_IoU": 0.9697498875507232,
        "val_accuracy": 96.96750321750322,
        "val_loss": 0.1674595410213853,
        "val_IoU": 0.7016020277420187
    },
    "25": {
        "train_loss": 0.004495310509423192,
        "train_accuracy": 99.70078182812651,
        "train_IoU": 0.9728281679301132,
        "val_accuracy": 96.89671814671814,
        "val_loss": 0.17971606241374022,
        "val_IoU": 0.6916026762874645
    },
    "26": {
        "train_loss": 0.004714254541426608,
        "train_accuracy": 99.7023905279753,
        "train_IoU": 0.9728811150925727,
        "val_accuracy": 96.96267696267697,
        "val_loss": 0.17560556164160362,
        "val_IoU": 0.6979691137397583
    },
    "27": {
        "train_loss": 0.004611710249167678,
        "train_accuracy": 99.69702819514602,
        "train_IoU": 0.9694919479739937,
        "val_accuracy": 97.02863577863577,
        "val_loss": 0.17612732058987293,
        "val_IoU": 0.6957410387573069
    },
    "28": {
        "train_loss": 0.004188431231300806,
        "train_accuracy": 99.72652102570703,
        "train_IoU": 0.9719564769953701,
        "val_accuracy": 96.90315315315316,
        "val_loss": 0.18750010389181174,
        "val_IoU": 0.6736676308383405
    },
    "29": {
        "train_loss": 0.004210897890542425,
        "train_accuracy": 99.72920219212166,
        "train_IoU": 0.9696355387857698,
        "val_accuracy": 96.7985842985843,
        "val_loss": 0.18511987282024311,
        "val_IoU": 0.68668528204458
    },
    "30": {
        "train_loss": 0.004128227416140014,
        "train_accuracy": 99.72759349227289,
        "train_IoU": 0.9740551906908868,