{
    "micro_IoU": 0.907441688263606,
    "micro_Precision": 0.9514751552795031,
    "micro_Recall": 0.9514751552795031,
    "micro_F1-score": 0.9514751552795031,
    "MACRO_IoU": 0.41714252836519916,
    "MACRO_Precision": 0.5375994871704515,
    "MACRO_Recall": 0.4713128813123733,
    "MACRO_F1-score": 0.4669158321947826,
    "Accuracy": 0.9514751552795031
}