{
    "micro_IoU": 0.9009667183233709,
    "micro_Precision": 0.9479037267080745,
    "micro_Recall": 0.9479037267080745,
    "micro_F1-score": 0.9479037267080745,
    "MACRO_IoU": 0.42406472154112185,
    "MACRO_Precision": 0.6705117230149513,
    "MACRO_Recall": 0.47857977657266426,
    "MACRO_F1-score": 0.48725039362914374,
    "Accuracy": 0.9479037267080745
}