{
    "micro_IoU": 0.9352051835853131,
    "micro_Precision": 0.9665178571428571,
    "micro_Recall": 0.9665178571428571,
    "micro_F1-score": 0.9665178571428571,
    "MACRO_IoU": 0.673137615743964,
    "MACRO_Precision": 0.8016510598201986,
    "MACRO_Recall": 0.7628752616106371,
    "MACRO_F1-score": 0.7791495018528669,
    "Accuracy": 0.9665178571428571
}