{
    "test_accuracy": 91.08113354037268,
    "test_loss": 0.2928317440037401,
    "test_IoU": 0.4475514185039252
}