{
    "test_accuracy": 97.45173745173746,
    "test_loss": 0.08373520489103724,
    "test_IoU": 0.6959975199743351
}