{
    "test_accuracy": 97.47104247104247,
    "test_loss": 0.10973152940529456,
    "test_IoU": 0.700794718796171
}