{
    "test_accuracy": 97.46138996138997,
    "test_loss": 0.07665970173871348,
    "test_IoU": 0.7315020369924919
}