{
    "test_accuracy": 96.72779922779922,
    "test_loss": 0.09743673317881736,
    "test_IoU": 0.6865583510770187
}