{
    "test_accuracy": 96.79054054054053,
    "test_loss": 0.12705121235059638,
    "test_IoU": 0.696490294688347
}