{
    "1": {
        "train_loss": 0.6267573432929725,
        "train_accuracy": 78.0968395983522,
        "train_IoU": 0.1711051716631998,
        "val_accuracy": 81.46284829721363,
        "val_loss": 0.45067179516742123,
        "val_IoU": 0.22479721766707308
    }
}