{
    "1": {
        "train_loss": 0.2966130832286946,
        "train_accuracy": 90.92333447802197,
        "train_IoU": 0.3334588095515035,
        "val_accuracy": 92.18588917525773,
        "val_loss": 0.2071177102855799,
        "val_IoU": 0.3837948567490804
    }
}