{
    "1": {
        "train_loss": 0.336499290715377,
        "train_accuracy": 90.35385556127703,
        "train_IoU": 0.30828943290167665,
        "val_accuracy": 95.12383900928792,
        "val_loss": 0.13838426516774813,
        "val_IoU": 0.42135971597295496
    }
}