{
    "1": {
        "train_loss": 0.35339469883886326,
        "train_accuracy": 89.84616374871267,
        "train_IoU": 0.3101510900398049,
        "val_accuracy": 93.97010448916409,
        "val_loss": 0.16117108736660096,
        "val_IoU": 0.4106250588424742
    }
}