{
    "1": {
        "train_loss": 0.4824514670777557,
        "train_accuracy": 87.23582474226804,
        "train_IoU": 0.2528688681144349,
        "val_accuracy": 94.4924301242236,
        "val_loss": 0.1697945753170282,
        "val_IoU": 0.40455560807390933
    }
}