{
    "test_accuracy": 91.02775621118012,
    "test_loss": 0.29603310822514994,
    "test_IoU": 0.4332429685954288
}