{
    "test_accuracy": 91.25097049689441,
    "test_loss": 0.24634350771489344,
    "test_IoU": 0.44598050109349047
}