{
    "test_accuracy": 90.61044254658384,
    "test_loss": 0.32386636706242633,
    "test_IoU": 0.42242312346742644
}