{
    "test_accuracy": 89.92624223602485,
    "test_loss": 0.3444069086672356,
    "test_IoU": 0.4313849102974233
}