{
    "test_accuracy": 97.4469111969112,
    "test_loss": 0.07929552391884319,
    "test_IoU": 0.6970563020581388
}