{
    "test_accuracy": 97.34073359073359,
    "test_loss": 0.08851203982097416,
    "test_IoU": 0.7089480275570991
}