{
    "test_accuracy": 96.80984555984557,
    "test_loss": 0.13366498410296446,
    "test_IoU": 0.6901022527308608
}