{
    "test_accuracy": 96.8050193050193,
    "test_loss": 0.10015407331103898,
    "test_IoU": 0.683773117249188
}