{
    "test_accuracy": 92.47379658385093,
    "test_loss": 0.26340039648254454,
    "test_IoU": 0.45594568035746563
}