{
    "test_accuracy": 90.93555900621118,
    "test_loss": 0.30068911454692393,
    "test_IoU": 0.45471348735166134
}