{
    "micro_IoU": 0.9595500489697338,
    "micro_Precision": 0.9793575310559006,
    "micro_Recall": 0.9793575310559006,
    "micro_F1-score": 0.9793575310559006,
    "MACRO_IoU": 0.7553696609964441,
    "MACRO_Precision": 0.8627074519419278,
    "MACRO_Recall": 0.8283162910402773,
    "MACRO_F1-score": 0.843521175793183,
    "Accuracy": 0.9793575310559006
}