{
    "micro_IoU": 0.9640882924783652,
    "micro_Precision": 0.9817158385093168,
    "micro_Recall": 0.9817158385093168,
    "micro_F1-score": 0.9817158385093168,
    "MACRO_IoU": 0.7924219527338074,
    "MACRO_Precision": 0.8816370076221846,
    "MACRO_Recall": 0.8618917150458829,
    "MACRO_F1-score": 0.8710797370938315,
    "Accuracy": 0.9817158385093168
}