{
    "micro_IoU": 0.9517554244367205,
    "micro_Precision": 0.9752814440993789,
    "micro_Recall": 0.9752814440993789,
    "micro_F1-score": 0.9752814440993789,
    "MACRO_IoU": 0.7505526227950121,
    "MACRO_Precision": 0.856578261534878,
    "MACRO_Recall": 0.828662509781417,
    "MACRO_F1-score": 0.840467034514581,
    "Accuracy": 0.9752814440993789
}