{
    "micro_IoU": 0.9584513333206622,
    "micro_Precision": 0.9787849378881988,
    "micro_Recall": 0.9787849378881988,
    "micro_F1-score": 0.9787849378881988,
    "MACRO_IoU": 0.7696771219353729,
    "MACRO_Precision": 0.8694661491678021,
    "MACRO_Recall": 0.8439583620607379,
    "MACRO_F1-score": 0.8553169888980209,
    "Accuracy": 0.9787849378881988
}