{
    "1": {
        "train_loss": 0.10590368686192785,
        "train_accuracy": 96.5815128213378,
        "train_IoU": 0.6626049288572383,
        "val_accuracy": 97.06402831402832,
        "val_loss": 0.07815226210940461,
        "val_IoU": 0.6868412390768974
    },
    "2": {
        "train_loss": 0.035436351175209664,
        "train_accuracy": 98.3349956565104,
        "train_IoU": 0.818920262464759,
        "val_accuracy": 97.12998712998713,
        "val_loss": 0.08116822826499771,
        "val_IoU": 0.6873411254028909
    },
    "3": {
        "train_loss": 0.028536307361640367,
        "train_accuracy": 98.54948896968136,
        "train_IoU": 0.8493210379580386,
        "val_accuracy": 97.1541184041184,
        "val_loss": 0.08350044555881606,
        "val_IoU": 0.6792973414025295
    },
    "4": {
        "train_loss": 0.02383357066007214,
        "train_accuracy": 98.70928648799374,
        "train_IoU": 0.8665970367299967,
        "val_accuracy": 97.1074646074646,
        "val_loss": 0.08751407911073529,
        "val_IoU": 0.6861443095376019
    },
    "5": {
        "train_loss": 0.020411342569478557,
        "train_accuracy": 98.86157674034513,
        "train_IoU": 0.8829202998886888,
        "val_accuracy": 97.07368082368082,
        "val_loss": 0.09065109749162692,
        "val_IoU": 0.6833343851411875
    },
    "6": {
        "train_loss": 0.018237196272851114,
        "train_accuracy": 98.93128706712568,
        "train_IoU": 0.8939011400037996,
        "val_accuracy": 97.06402831402832,
        "val_loss": 0.09661915147995175,
        "val_IoU": 0.6832597613173205
    },
    "7": {
        "train_loss": 0.015818867363564974,
        "train_accuracy": 99.05944682174534,
        "train_IoU": 0.9072410352312941,
        "val_accuracy": 97.01737451737452,
        "val_loss": 0.10086166520397954,
        "val_IoU": 0.6752962417570834
    },
    "8": {
        "train_loss": 0.01436357454046179,
        "train_accuracy": 99.12433104897956,
        "train_IoU": 0.9153455157119256,
        "val_accuracy": 96.88706563706563,
        "val_loss": 0.10570324252052002,
        "val_IoU": 0.680245456063956
    },
    "9": {
        "train_loss": 0.01286723800829701,
        "train_accuracy": 99.21978057334061,
        "train_IoU": 0.9228156522020491,
        "val_accuracy": 96.98198198198197,
        "val_loss": 0.11022500698492999,
        "val_IoU": 0.6772350039134298
    },
    "10": {
        "train_loss": 0.011520117795405337,
        "train_accuracy": 99.27876623446265,
        "train_IoU": 0.93211786258573,
        "val_accuracy": 96.98680823680824,
        "val_loss": 0.11329304857884719,
        "val_IoU": 0.6856695732596941
    },
    "11": {
        "train_loss": 0.010819897307412998,
        "train_accuracy": 99.31308516457,
        "train_IoU": 0.9310919414650183,
        "val_accuracy": 96.90637065637065,
        "val_loss": 0.11901189163164329,
        "val_IoU": 0.6790799637372035
    },
    "12": {
        "train_loss": 0.009713244188617534,
        "train_accuracy": 99.37528822538957,
        "train_IoU": 0.9371230894791595,
        "val_accuracy": 96.86454311454311,
        "val_loss": 0.12108015115533322,
        "val_IoU": 0.6781339541031013
    },
    "13": {
        "train_loss": 0.009136326297841274,
        "train_accuracy": 99.42998402024816,
        "train_IoU": 0.944154478393519,
        "val_accuracy": 96.89350064350064,
        "val_loss": 0.12789953856656153,
        "val_IoU": 0.6774022003718871
    },
    "14": {
        "train_loss": 0.008320032414793605,
        "train_accuracy": 99.47878124899457,
        "train_IoU": 0.9473113681364633,
        "val_accuracy": 96.994851994852,
        "val_loss": 0.1297019559490244,
        "val_IoU": 0.6840448023382439
    },
    "15": {
        "train_loss": 0.007719793450009405,
        "train_accuracy": 99.52221614491168,
        "train_IoU": 0.9543470203232145,
        "val_accuracy": 96.90637065637065,
        "val_loss": 0.13496246067343584,
        "val_IoU": 0.6805515627541757
    },
    "16": {
        "train_loss": 0.007299962913182899,
        "train_accuracy": 99.53454951041901,
        "train_IoU": 0.9535117225628753,
        "val_accuracy": 96.96106821106821,
        "val_loss": 0.1383524590855514,
        "val_IoU": 0.6893726891460833
    },
    "17": {
        "train_loss": 0.007082522996744477,
        "train_accuracy": 99.55546260845318,
        "train_IoU": 0.9530299906761079,
        "val_accuracy": 96.93854568854569,
        "val_loss": 0.1414643942543503,
        "val_IoU": 0.6811279493829306
    },
    "18": {
        "train_loss": 0.0062671714800040116,
        "train_accuracy": 99.59085400512639,
        "train_IoU": 0.9592770699186026,
        "val_accuracy": 96.86454311454311,
        "val_loss": 0.14954729139092926,
        "val_IoU": 0.674636929381602
    },
    "19": {
        "train_loss": 0.006384684864455018,
        "train_accuracy": 99.60318737063372,
        "train_IoU": 0.9598596939540706,
        "val_accuracy": 96.8484555984556,
        "val_loss": 0.1443855072583774,
        "val_IoU": 0.6802490530993842
    },
    "20": {
        "train_loss": 0.006002515314641104,
        "train_accuracy": 99.60533230376542,
        "train_IoU": 0.9620633505988166,
        "val_accuracy": 96.96428571428571,
        "val_loss": 0.150315959318426,
        "val_IoU": 0.6809388666125067
    },
    "21": {
        "train_loss": 0.0056144444440497585,
        "train_accuracy": 99.64983966624841,
        "train_IoU": 0.9636846826684511,
        "val_accuracy": 96.86936936936938,
        "val_loss": 0.15543617741942564,
        "val_IoU": 0.676268566338692
    },
    "22": {
        "train_loss": 0.004677803740552454,
        "train_accuracy": 99.69810066171188,
        "train_IoU": 0.9719767380375639,
        "val_accuracy": 96.95624195624195,
        "val_loss": 0.15894496041584086,
        "val_IoU": 0.679443755713671
    },
    "23": {
        "train_loss": 0.00518334822925047,
        "train_accuracy": 99.64554979998499,
        "train_IoU": 0.9638794413669727,
        "val_accuracy": 96.93211068211069,
        "val_loss": 0.1599403733961042,
        "val_IoU": 0.6775170693068409
    },
    "24": {
        "train_loss": 0.004975670596580858,
        "train_accuracy": 99.67343393069721,
        "train_IoU": 0.9630087411001,
        "val_accuracy": 96.92406692406692,
        "val_loss": 0.16114346186529588,
        "val_IoU": 0.6770194446520656
    },
    "25": {
        "train_loss": 0.004517142193848821,
        "train_accuracy": 99.71257896035091,
        "train_IoU": 0.9718386650096622,
        "val_accuracy": 96.88706563706563,
        "val_loss": 0.16667636941292963,
        "val_IoU": 0.6768865361202494
    },
    "26": {
        "train_loss": 0.004230107373271232,
        "train_accuracy": 99.72491232585824,
        "train_IoU": 0.9686675192580692,
        "val_accuracy": 96.98841698841699,
        "val_loss": 0.1739851601620409,
        "val_IoU": 0.6759227310720954
    },
    "27": {
        "train_loss": 0.004345055891743734,
        "train_accuracy": 99.7281297255558,
        "train_IoU": 0.9713229423122625,
        "val_accuracy": 96.86776061776061,
        "val_loss": 0.17234739664091173,
        "val_IoU": 0.6706503953325387
    },
    "28": {
        "train_loss": 0.004120634486726423,
        "train_accuracy": 99.72920219212166,
        "train_IoU": 0.9716980137982925,
        "val_accuracy": 96.92406692406692,
        "val_loss": 0.18027045742973677,
        "val_IoU": 0.678353299010448
    },
    "29": {
        "train_loss": 0.0037869330643529597,
        "train_accuracy": 99.74475295732655,
        "train_IoU": 0.9765654868597295,
        "val_accuracy": 96.76962676962677,
        "val_loss": 0.1791860130294552,
        "val_IoU": 0.6725559650725341
    },
    "30": {
        "train_loss": 0.004098125369163175,
        "train_accuracy": 99.7281297255558,
        "train_IoU": 0.9687801821334935,