{
    "1": {
        "train_loss": 0.11052044649150114,
        "train_accuracy": 96.32346632346632,
        "train_IoU": 0.6530753398478701,
        "val_accuracy": 97.10760420185642,
        "val_loss": 0.08065754196840365,
        "val_IoU": 0.685680308926438
    },
    "2": {
        "train_loss": 0.03981247295749515,
        "train_accuracy": 98.16387816387817,
        "train_IoU": 0.8078093524121917,
        "val_accuracy": 97.03360519923427,
        "val_loss": 0.08164466315604473,
        "val_IoU": 0.7023664226981732
    },
    "3": {
        "train_loss": 0.032262540651215546,
        "train_accuracy": 98.39714714714715,
        "train_IoU": 0.836441833028711,
        "val_accuracy": 97.15747309492785,
        "val_loss": 0.08503804714543509,
        "val_IoU": 0.6956283044697035
    },
    "4": {
        "train_loss": 0.028412370442434547,
        "train_accuracy": 98.51887601887603,
        "train_IoU": 0.8556165270821786,
        "val_accuracy": 97.0384312211444,
        "val_loss": 0.08676524256900296,
        "val_IoU": 0.6991602980126266
    },
    "5": {
        "train_loss": 0.02463337965932847,
        "train_accuracy": 98.64328614328615,
        "train_IoU": 0.868881064861686,
        "val_accuracy": 97.11886491964673,
        "val_loss": 0.08845362461166295,
        "val_IoU": 0.708047709842414
    },
    "6": {
        "train_loss": 0.021582706456501528,
        "train_accuracy": 98.76179751179751,
        "train_IoU": 0.8815913866907307,
        "val_accuracy": 97.01912713350386,
        "val_loss": 0.09386258594521203,
        "val_IoU": 0.7020461863101203
    },
    "7": {
        "train_loss": 0.01941501108350075,
        "train_accuracy": 98.87387387387388,
        "train_IoU": 0.8914312175998118,
        "val_accuracy": 96.92904139118124,
        "val_loss": 0.09782265392592011,
        "val_IoU": 0.6979869787978037
    },
    "8": {
        "train_loss": 0.017847741252939878,
        "train_accuracy": 98.91409266409266,
        "train_IoU": 0.8971007898445537,
        "val_accuracy": 96.87917249810981,
        "val_loss": 0.10026077554755702,
        "val_IoU": 0.700214241306045
    },
    "9": {
        "train_loss": 0.015693739209676986,
        "train_accuracy": 99.05298155298155,
        "train_IoU": 0.9096807405093571,
        "val_accuracy": 96.98695365410292,
        "val_loss": 0.10697447247477432,
        "val_IoU": 0.7015748060959794
    },
    "10": {
        "train_loss": 0.01437484882493115,
        "train_accuracy": 99.09909909909909,
        "train_IoU": 0.9118738292987725,
        "val_accuracy": 97.04808326496469,
        "val_loss": 0.10818315274273757,
        "val_IoU": 0.7016930214367681
    },
    "11": {
        "train_loss": 0.013349808117446042,
        "train_accuracy": 99.16130416130416,
        "train_IoU": 0.9171840587729054,
        "val_accuracy": 96.94030210897158,
        "val_loss": 0.11440455672065754,
        "val_IoU": 0.6993964565773023
    },
    "12": {
        "train_loss": 0.012239818126015939,
        "train_accuracy": 99.22779922779922,
        "train_IoU": 0.924826706113096,
        "val_accuracy": 96.96925824043241,
        "val_loss": 0.11575181898253746,
        "val_IoU": 0.7023665890727272
    },
    "13": {
        "train_loss": 0.011101199142631187,
        "train_accuracy": 99.28732303732303,
        "train_IoU": 0.9281729346236304,
        "val_accuracy": 97.03038785129418,
        "val_loss": 0.12192511786093523,
        "val_IoU": 0.7017973622252173
    },
    "14": {
        "train_loss": 0.00994039049221304,
        "train_accuracy": 99.3506006006006,
        "train_IoU": 0.9399165002669742,
        "val_accuracy": 96.91134597751075,
        "val_loss": 0.12454202942312577,
        "val_IoU": 0.7041123936408156
    },
    "15": {
        "train_loss": 0.009660988979859118,
        "train_accuracy": 99.37258687258688,
        "train_IoU": 0.9398295921701918,
        "val_accuracy": 96.89686791178032,
        "val_loss": 0.1261520337599901,
        "val_IoU": 0.6899831802499874
    },
    "16": {
        "train_loss": 0.009017022531294222,
        "train_accuracy": 99.42513942513943,
        "train_IoU": 0.9409224597087638,
        "val_accuracy": 96.83895564885864,
        "val_loss": 0.13030207016358714,
        "val_IoU": 0.7061937997774514
    },
    "17": {
        "train_loss": 0.008888181020417354,
        "train_accuracy": 99.42299442299442,
        "train_IoU": 0.9428922753944164,
        "val_accuracy": 96.90008525972041,
        "val_loss": 0.13493748917687526,
        "val_IoU": 0.7028665048072724
    },
    "18": {
        "train_loss": 0.007601320557257324,
        "train_accuracy": 99.501287001287,
        "train_IoU": 0.9532025044019331,
        "val_accuracy": 96.83895564885864,
        "val_loss": 0.14143655966146218,
        "val_IoU": 0.6955170975160516
    },
    "19": {
        "train_loss": 0.007393568985438788,
        "train_accuracy": 99.52005577005578,
        "train_IoU": 0.9492429426044584,
        "val_accuracy": 96.78747808181716,
        "val_loss": 0.1436729651984545,
        "val_IoU": 0.695135669707728
    },
    "20": {
        "train_loss": 0.007572137820293714,
        "train_accuracy": 99.51469326469326,
        "train_IoU": 0.9517392755562775,
        "val_accuracy": 96.89847658575037,
        "val_loss": 0.14272074155948297,
        "val_IoU": 0.7003978516141902
    },
    "21": {
        "train_loss": 0.0066709752144615535,
        "train_accuracy": 99.5522308022308,
        "train_IoU": 0.952105572932733,
        "val_accuracy": 96.8823898460499,
        "val_loss": 0.14987534394683205,
        "val_IoU": 0.6954293494271064
    },
    "22": {
        "train_loss": 0.0061401917997486516,
        "train_accuracy": 99.60907335907336,
        "train_IoU": 0.9602049736557339,
        "val_accuracy": 96.92421536927111,
        "val_loss": 0.15361366334589005,
        "val_IoU": 0.6989196995904705
    },
    "23": {
        "train_loss": 0.006314453029057564,
        "train_accuracy": 99.58655083655084,
        "train_IoU": 0.9579368321660787,
        "val_accuracy": 96.70060968743465,
        "val_loss": 0.15487074108740204,
        "val_IoU": 0.6981100181905211
    },
    "24": {
        "train_loss": 0.0059694301657715184,
        "train_accuracy": 99.58494208494209,
        "train_IoU": 0.9546432159261912,
        "val_accuracy": 96.9097373035407,
        "val_loss": 0.15482698238973128,
        "val_IoU": 0.6974540236837548
    },
    "25": {
        "train_loss": 0.00561615177548666,
        "train_accuracy": 99.61711711711712,
        "train_IoU": 0.9611158539405036,
        "val_accuracy": 96.83734697488859,
        "val_loss": 0.16192221788928068,
        "val_IoU": 0.7007165613875412
    },
    "26": {
        "train_loss": 0.005637189942826284,
        "train_accuracy": 99.62516087516087,
        "train_IoU": 0.9630341412831337,
        "val_accuracy": 96.85504238855911,
        "val_loss": 0.1609469973367512,
        "val_IoU": 0.6940794912986579
    },
    "27": {
        "train_loss": 0.005020572708987524,
        "train_accuracy": 99.6605534105534,
        "train_IoU": 0.9632004317654269,
        "val_accuracy": 96.89043321590013,
        "val_loss": 0.16284646914657241,
        "val_IoU": 0.6991696315856413
    },
    "28": {
        "train_loss": 0.0051624748391171735,
        "train_accuracy": 99.64821964821965,
        "train_IoU": 0.9635822302708498,
        "val_accuracy": 96.89847658575037,
        "val_loss": 0.16783892166637435,
        "val_IoU": 0.6980910056660876
    },
    "29": {
        "train_loss": 0.004610549379120419,
        "train_accuracy": 99.68790218790218,
        "train_IoU": 0.9646337748325552,
        "val_accuracy": 96.85986841046925,
        "val_loss": 0.17270318517047506,
        "val_IoU": 0.6866077844423271
    },
    "30": {
        "train_loss": 0.004531277406400283,
        "train_accuracy": 99.69701844701845,
        "train_IoU": 0.9669730231747693,