{
    "1": {
        "train_loss": 0.6963184384222879,
        "train_accuracy": 80.93951093951094,
        "train_IoU": 0.2683023860357417,
        "val_accuracy": 92.93952994546595,
        "val_loss": 0.21471473128523363,
        "val_IoU": 0.3460339386507538
    }
}