{
    "test_accuracy": 89.159549689441,
    "test_loss": 0.352420338932772,
    "test_IoU": 0.41460473086961513
}