{
    "1": {
        "train_loss": 0.4805170063351844,
        "train_accuracy": 86.09536082474227,
        "train_IoU": 0.23600043418688843,
        "val_accuracy": 93.54134316770187,
        "val_loss": 0.19320443948233348,
        "val_IoU": 0.3325378862331338
    },
    "2": {
        "train_loss": 0.17282145710028318,
        "train_accuracy": 94.23807989690721,
        "train_IoU": 0.37212943494611517,
        "val_accuracy": 95.40469720496894,
        "val_loss": 0.13610122438450778,
        "val_IoU": 0.4358126012331017
    }
}