{
    "1": {
        "train_loss": 0.710887086164325,
        "train_accuracy": 75.1826403192585,
        "train_IoU": 0.15362379621195166,
        "val_accuracy": 81.33949303405572,
        "val_loss": 0.4565455550010726,
        "val_IoU": 0.21619110609215214
    }
}