{
    "1": {
        "train_loss": 0.4701614602863108,
        "train_accuracy": 87.36563465499485,
        "train_IoU": 0.29228957653709803,
        "val_accuracy": 94.12732198142415,
        "val_loss": 0.17481895308976209,
        "val_IoU": 0.38438231941818696
    }
}