{
    "1": {
        "train_loss": 0.598272716137153,
        "train_accuracy": 83.8403767820774,
        "train_IoU": 0.23167594741177872,
        "val_accuracy": 92.59969325153375,
        "val_loss": 0.2251579290701567,
        "val_IoU": 0.3347278282152988
    }
}