{
    "1": {
        "train_loss": 0.7226822672891864,
        "train_accuracy": 80.70070876288659,
        "train_IoU": 0.23168308470820748,
        "val_accuracy": 93.72573757763976,
        "val_loss": 0.18996917104684044,
        "val_IoU": 0.3523643293078186
    }
}