{
    "1": {
        "train_loss": 0.6963810620236718,
        "train_accuracy": 76.17871395468589,
        "train_IoU": 0.17022431764225468,
        "val_accuracy": 81.99496904024768,
        "val_loss": 0.4488909763079308,
        "val_IoU": 0.23506263410849626
    }
}