{
    "micro_IoU": 0.9481567145234536,
    "micro_Precision": 0.9733885446226906,
    "micro_Recall": 0.9733885446226906,
    "micro_F1-score": 0.9733885446226906,
    "MACRO_IoU": 0.6949994693604226,
    "MACRO_Precision": 0.828686616748519,
    "MACRO_Recall": 0.7688497125168153,
    "MACRO_F1-score": 0.7937396039102435,
    "Accuracy": 0.9733885446226906
}