{
    "micro_IoU": 0.9482299844859198,
    "micro_Precision": 0.9734271539159476,
    "micro_Recall": 0.9734271539159476,
    "micro_F1-score": 0.9734271539159476,
    "MACRO_IoU": 0.6968854923746669,
    "MACRO_Precision": 0.8288267603529358,
    "MACRO_Recall": 0.7717072995371921,
    "MACRO_F1-score": 0.7951564673073719,
    "Accuracy": 0.9734271539159476
}