{
    "micro_IoU": 0.9486330678152596,
    "micro_Precision": 0.9736395050288604,
    "micro_Recall": 0.9736395050288604,
    "micro_F1-score": 0.9736395050288604,
    "MACRO_IoU": 0.7237836549003915,
    "MACRO_Precision": 0.8338629449048491,
    "MACRO_Recall": 0.8106562030613187,
    "MACRO_F1-score": 0.8192362478205581,
    "Accuracy": 0.9736395050288604
}