{
    "micro_IoU": 0.9381886891287673,
    "micro_Precision": 0.9681087237698114,
    "micro_Recall": 0.9681087237698114,
    "micro_F1-score": 0.9681087237698114,
    "MACRO_IoU": 0.6880768163838381,
    "MACRO_Precision": 0.8105210622789132,
    "MACRO_Recall": 0.77922378717392,
    "MACRO_F1-score": 0.7910403107194384,
    "Accuracy": 0.9681087237698114
}