{
    "micro_IoU": 0.9450052253797004,
    "micro_Precision": 0.9717251275715398,
    "micro_Recall": 0.9717251275715398,
    "micro_F1-score": 0.9717251275715398,
    "MACRO_IoU": 0.7068808867697,
    "MACRO_Precision": 0.8275242376536356,
    "MACRO_Recall": 0.7920051274556167,
    "MACRO_F1-score": 0.8061026922169763,
    "Accuracy": 0.9717251275715398
}