{
    "test_accuracy": 96.87756382413976,
    "test_loss": 0.12187952679053034,
    "test_IoU": 0.684124051759835
}