{
    "test_accuracy": 97.1140388977366,
    "test_loss": 0.08534560884050103,
    "test_IoU": 0.6596401645798916
}