{
    "test_accuracy": 97.8234641185271,
    "test_loss": 0.06056035752983096,
    "test_IoU": 0.7621520118208518
}