{
    "test_accuracy": 97.49529462863762,
    "test_loss": 0.06702413973341019,
    "test_IoU": 0.7477293844855131
}