{
    "micro_IoU": 0.8959997055901078,
    "micro_Precision": 0.9451475155279503,
    "micro_Recall": 0.9451475155279503,
    "micro_F1-score": 0.9451475155279503,
    "MACRO_IoU": 0.3945206461344391,
    "MACRO_Precision": 0.5013768421090431,
    "MACRO_Recall": 0.4431191160513951,
    "MACRO_F1-score": 0.44712244229787,
    "Accuracy": 0.9451475155279503
}