{
    "micro_IoU": 0.8987423411802644,
    "micro_Precision": 0.946671195652174,
    "micro_Recall": 0.946671195652174,
    "micro_F1-score": 0.946671195652174,
    "MACRO_IoU": 0.4056046286037784,
    "MACRO_Precision": 0.5657458438788996,
    "MACRO_Recall": 0.45743941827852963,
    "MACRO_F1-score": 0.4564799212447802,
    "Accuracy": 0.946671195652174
}