{
    "micro_IoU": 0.7388182498130142,
    "micro_Precision": 0.8497935306262905,
    "micro_Recall": 0.8497935306262905,
    "micro_F1-score": 0.8497935306262905,
    "MACRO_IoU": 0.2771216193210923,
    "MACRO_Precision": 0.4634856573833102,
    "MACRO_Recall": 0.34646571687981814,
    "MACRO_F1-score": 0.35511173559700004,
    "Accuracy": 0.8497935306262905
}