{
    "micro_IoU": 0.9318518518518518,
    "micro_Precision": 0.9647239263803681,
    "micro_Recall": 0.9647239263803681,
    "micro_F1-score": 0.9647239263803681,
    "MACRO_IoU": 0.5823392742187932,
    "MACRO_Precision": 0.740430796426888,
    "MACRO_Recall": 0.6645163562193149,
    "MACRO_F1-score": 0.6903345073641702,
    "Accuracy": 0.9647239263803681
}