{
    "micro_IoU": 0.584146238344518,
    "micro_Precision": 0.7374902950310559,
    "micro_Recall": 0.7374902950310559,
    "micro_F1-score": 0.7374902950310559,
    "MACRO_IoU": 0.17628522012574852,
    "MACRO_Precision": 0.2409197253299049,
    "MACRO_Recall": 0.22949380387121035,
    "MACRO_F1-score": 0.2300463249258708,
    "Accuracy": 0.7374902950310559
}