{
    "micro_IoU": 0.6450078227274179,
    "micro_Precision": 0.7842003105590062,
    "micro_Recall": 0.7842003105590062,
    "micro_F1-score": 0.7842003105590062,
    "MACRO_IoU": 0.27160607376345863,
    "MACRO_Precision": 0.5954960832036796,
    "MACRO_Recall": 0.34297116142232864,
    "MACRO_F1-score": 0.3816764936524425,
    "Accuracy": 0.7842003105590062
}