{
    "micro_IoU": 0.8973700322703899,
    "micro_Precision": 0.9459093555900621,
    "micro_Recall": 0.9459093555900621,
    "micro_F1-score": 0.9459093555900621,
    "MACRO_IoU": 0.40026746215922027,
    "MACRO_Precision": 0.5399606213980988,
    "MACRO_Recall": 0.4502784481169842,
    "MACRO_F1-score": 0.4522995865753832,
    "Accuracy": 0.9459093555900621
}