{
    "micro_IoU": 0.6320324379118094,
    "micro_Precision": 0.7745341614906832,
    "micro_Recall": 0.7745341614906832,
    "micro_F1-score": 0.7745341614906832,
    "MACRO_IoU": 0.21315107794997026,
    "MACRO_Precision": 0.3700691559004543,
    "MACRO_Recall": 0.2783388570460318,
    "MACRO_F1-score": 0.2875120671484039,
    "Accuracy": 0.7745341614906832
}