{
    "micro_IoU": 0.9378438102402558,
    "micro_Precision": 0.9679250776397516,
    "micro_Recall": 0.9679250776397516,
    "micro_F1-score": 0.9679250776397516,
    "MACRO_IoU": 0.6905424900347901,
    "MACRO_Precision": 0.8094838970203939,
    "MACRO_Recall": 0.7808437752239332,
    "MACRO_F1-score": 0.7936671344278097,
    "Accuracy": 0.9679250776397516
}