{
    "micro_IoU": 0.6390548074858229,
    "micro_Precision": 0.779784549689441,
    "micro_Recall": 0.779784549689441,
    "micro_F1-score": 0.779784549689441,
    "MACRO_IoU": 0.22549561399464135,
    "MACRO_Precision": 0.4334617391644719,
    "MACRO_Recall": 0.29349537865529374,
    "MACRO_F1-score": 0.3057507836987584,
    "Accuracy": 0.779784549689441
}