{
    "test_accuracy": 97.35533999324358,
    "test_loss": 0.08674952611154708,
    "test_IoU": 0.6828262478792666
}