{
    "test_accuracy": 97.33603590560301,
    "test_loss": 0.1289955031376098,
    "test_IoU": 0.6829821495259992
}