{
    "test_accuracy": 97.22021137975968,
    "test_loss": 0.08310090855085923,
    "test_IoU": 0.71250945590875
}