{
    "test_accuracy": 96.92099802133102,
    "test_loss": 0.13308266988943931,
    "test_IoU": 0.6867361821212922
}