{
    "test_accuracy": 96.87273780222962,
    "test_loss": 0.09068760744376503,
    "test_IoU": 0.6871298083794359
}