{
    "1": {
        "train_loss": 0.13292881910795906,
        "train_accuracy": 96.00935190845425,
        "train_IoU": 0.6324324186562837,
        "val_accuracy": 97.12837837837837,
        "val_loss": 0.08278361986172794,
        "val_IoU": 0.703459478921131
    },
    "2": {
        "train_loss": 0.03726905488726148,
        "train_accuracy": 98.30067672640305,
        "train_IoU": 0.8127410758766933,
        "val_accuracy": 97.03667953667954,
        "val_loss": 0.08377495904380275,
        "val_IoU": 0.6919108721158984
    },
    "3": {
        "train_loss": 0.029374136789219244,
        "train_accuracy": 98.51302510644231,
        "train_IoU": 0.833612073037983,
        "val_accuracy": 97.14929214929215,
        "val_loss": 0.0867899447989002,
        "val_IoU": 0.6943464111367506
    },
    "4": {
        "train_loss": 0.02469791193871761,
        "train_accuracy": 98.68032989071565,
        "train_IoU": 0.8588725979474102,
        "val_accuracy": 97.07528957528957,
        "val_loss": 0.08910626007163508,
        "val_IoU": 0.6950086013103173
    },
    "5": {
        "train_loss": 0.020474437192272838,
        "train_accuracy": 98.8492433748378,
        "train_IoU": 0.8791945738067659,
        "val_accuracy": 97.13320463320463,
        "val_loss": 0.09610729514661437,
        "val_IoU": 0.6868659190366051
    },
    "6": {
        "train_loss": 0.018544295306968533,
        "train_accuracy": 98.92860590071105,
        "train_IoU": 0.8872020157383094,
        "val_accuracy": 97.13963963963964,
        "val_loss": 0.09866278739181374,
        "val_IoU": 0.7012602429866105
    },
    "7": {
        "train_loss": 0.015989749696495317,
        "train_accuracy": 99.07178018725267,
        "train_IoU": 0.9062111327956123,
        "val_accuracy": 96.96750321750322,
        "val_loss": 0.10429914707151222,
        "val_IoU": 0.6964607756850996
    },
    "8": {
        "train_loss": 0.013807682017492126,
        "train_accuracy": 99.16508477848203,
        "train_IoU": 0.9083965811464181,
        "val_accuracy": 97.04633204633205,
        "val_loss": 0.11060484138043371,
        "val_IoU": 0.6985065911990331
    },
    "9": {
        "train_loss": 0.012605039884603809,
        "train_accuracy": 99.24551977092115,
        "train_IoU": 0.9231324247255671,
        "val_accuracy": 97.05598455598455,
        "val_loss": 0.11062693901105167,
        "val_IoU": 0.7032655887589416
    },
    "10": {
        "train_loss": 0.011145587897190416,
        "train_accuracy": 99.31630256426756,
        "train_IoU": 0.9301618248842068,
        "val_accuracy": 97.01898326898328,
        "val_loss": 0.11967315659340888,
        "val_IoU": 0.6982688318881051
    },
    "11": {
        "train_loss": 0.010397806763509158,
        "train_accuracy": 99.35115772765784,
        "train_IoU": 0.932943752705069,
        "val_accuracy": 96.96106821106821,
        "val_loss": 0.1195929192675856,
        "val_IoU": 0.6884686890490462
    },
    "12": {
        "train_loss": 0.009279801385554428,
        "train_accuracy": 99.41336078847742,
        "train_IoU": 0.9401204157438252,
        "val_accuracy": 97.03024453024453,
        "val_loss": 0.1226437393625731,
        "val_IoU": 0.7040479463868555
    },
    "13": {
        "train_loss": 0.00878424945683474,
        "train_accuracy": 99.46805658333602,
        "train_IoU": 0.9446979678086059,
        "val_accuracy": 97.04150579150578,
        "val_loss": 0.12699739370577,
        "val_IoU": 0.7038104638023682
    },
    "14": {
        "train_loss": 0.007899156677816786,
        "train_accuracy": 99.49165084778483,
        "train_IoU": 0.9465833841022022,
        "val_accuracy": 96.98841698841699,
        "val_loss": 0.1326840840636489,
        "val_IoU": 0.7023581719352759
    },
    "15": {
        "train_loss": 0.0071194037734761805,
        "train_accuracy": 99.55814377486782,
        "train_IoU": 0.951616325171539,
        "val_accuracy": 97.06241956241956,
        "val_loss": 0.13667194460897858,
        "val_IoU": 0.6999743620282391
    },
    "16": {
        "train_loss": 0.007144881226423,
        "train_accuracy": 99.54205677638,
        "train_IoU": 0.949347483964997,
        "val_accuracy": 97.08333333333333,
        "val_loss": 0.1388456111560899,
        "val_IoU": 0.7065074837735726
    },
    "17": {
        "train_loss": 0.006546073418371522,
        "train_accuracy": 99.5597524747166,
        "train_IoU": 0.9548366024852225,
        "val_accuracy": 97.01737451737452,
        "val_loss": 0.13926541236317397,
        "val_IoU": 0.7047923595761811
    },
    "18": {
        "train_loss": 0.0061680611691889604,
        "train_accuracy": 99.5967525712386,
        "train_IoU": 0.9578867435956215,
        "val_accuracy": 97.01254826254826,
        "val_loss": 0.14488892107298937,
        "val_IoU": 0.7013628151536508
    },
    "19": {
        "train_loss": 0.005641508248010048,
        "train_accuracy": 99.6476947331167,
        "train_IoU": 0.9666782111226428,
        "val_accuracy": 97.18146718146718,
        "val_loss": 0.14673603692982126,
        "val_IoU": 0.7018505944394582
    },
    "20": {
        "train_loss": 0.00513041233207281,
        "train_accuracy": 99.67075276428258,
        "train_IoU": 0.9673395068574558,
        "val_accuracy": 97.05437580437581,
        "val_loss": 0.14949376156395286,
        "val_IoU": 0.6969600595029519
    },
    "21": {
        "train_loss": 0.0052947813803173645,
        "train_accuracy": 99.66110056518987,
        "train_IoU": 0.9639857249666385,
        "val_accuracy": 96.98680823680824,
        "val_loss": 0.15395256137049487,
        "val_IoU": 0.6988752217913718
    },
    "22": {
        "train_loss": 0.0046595717165775685,
        "train_accuracy": 99.69381079544846,
        "train_IoU": 0.9682771827831222,
        "val_accuracy": 97.09942084942085,
        "val_loss": 0.15745369541499396,
        "val_IoU": 0.7087128459191702
    },
    "23": {
        "train_loss": 0.004526920778562993,
        "train_accuracy": 99.72330362600947,
        "train_IoU": 0.9735207950593405,
        "val_accuracy": 96.99002574002574,
        "val_loss": 0.15833820865037782,
        "val_IoU": 0.6983188750977646
    },
    "24": {
        "train_loss": 0.004589990622948195,
        "train_accuracy": 99.71097026050214,
        "train_IoU": 0.966007337511893,
        "val_accuracy": 97.0913770913771,
        "val_loss": 0.1628559864043327,
        "val_IoU": 0.7004461203302115
    },
    "25": {
        "train_loss": 0.004079968847028611,
        "train_accuracy": 99.73939062449728,
        "train_IoU": 0.9736316880860653,
        "val_accuracy": 97.03507078507079,
        "val_loss": 0.16568716798756655,
        "val_IoU": 0.6960636858715539
    },
    "26": {
        "train_loss": 0.004052939104264117,
        "train_accuracy": 99.7495790568729,
        "train_IoU": 0.9731123269934201,
        "val_accuracy": 97.01576576576576,
        "val_loss": 0.16882080084069678,
        "val_IoU": 0.7041108464558992
    },
    "27": {
        "train_loss": 0.003934367604073381,
        "train_accuracy": 99.7436804907607,
        "train_IoU": 0.9715411381378625,
        "val_accuracy": 97.03024453024453,
        "val_loss": 0.1680037889168133,
        "val_IoU": 0.6943208189832497
    },
    "28": {
        "train_loss": 0.003688910351256898,
        "train_accuracy": 99.75976748924852,
        "train_IoU": 0.9730602820702128,
        "val_accuracy": 97.08494208494209,
        "val_loss": 0.17072004554175238,
        "val_IoU": 0.7004455158470817
    },
    "29": {
        "train_loss": 0.0034759697219734027,
        "train_accuracy": 99.78604292011197,
        "train_IoU": 0.9777952306981836,
        "val_accuracy": 97.04954954954955,
        "val_loss": 0.17060070915691167,
        "val_IoU": 0.6999907449725045
    },
    "30": {
        "train_loss": 0.003713477601579544,
        "train_accuracy": 99.75708632283389,
        "train_IoU": 0.9707383592220518,