{
    "micro_IoU": 0.9473843362564258,
    "micro_Precision": 0.9729813664596273,
    "micro_Recall": 0.9729813664596273,
    "micro_F1-score": 0.9729813664596273,
    "MACRO_IoU": 0.6833802351520792,
    "MACRO_Precision": 0.8242439958997995,
    "MACRO_Recall": 0.7552055156072066,
    "MACRO_F1-score": 0.7826344675608676,
    "Accuracy": 0.9729813664596273
}