{
    "micro_IoU": 0.9389012767318675,
    "micro_Precision": 0.9684879658385093,
    "micro_Recall": 0.9684879658385093,
    "micro_F1-score": 0.9684879658385093,
    "MACRO_IoU": 0.6964662663579653,
    "MACRO_Precision": 0.8196544610673259,
    "MACRO_Recall": 0.7834498000203889,
    "MACRO_F1-score": 0.7985680084382671,
    "Accuracy": 0.9684879658385093
}