{
    "micro_IoU": 0.9452275473217882,
    "micro_Precision": 0.9718426501035197,
    "micro_Recall": 0.9718426501035197,
    "micro_F1-score": 0.9718426501035197,
    "MACRO_IoU": 0.7049113428195981,
    "MACRO_Precision": 0.8288867588297755,
    "MACRO_Recall": 0.7870901029391479,
    "MACRO_F1-score": 0.8044597217249201,
    "Accuracy": 0.9718426501035197
}