{
    "test_accuracy": 90.53280279503106,
    "test_loss": 0.29916942721198064,
    "test_IoU": 0.4174300786378213
}