{
    "test_accuracy": 97.36016601515371,
    "test_loss": 0.1521037366259361,
    "test_IoU": 0.6979902848748393
}