{
    "test_accuracy": 98.00202692920226,
    "test_loss": 0.11804494577500231,
    "test_IoU": 0.7721279380310513
}