{
    "test_accuracy": 97.37947010279426,
    "test_loss": 0.13680784871915275,
    "test_IoU": 0.7402187826810183
}