{
    "test_accuracy": 86.19468167701864,
    "test_loss": 0.4841820368115205,
    "test_IoU": 0.38527551703757335
}