{
    "test_accuracy": 89.18381211180125,
    "test_loss": 0.36640984060601417,
    "test_IoU": 0.38444215922250874
}