{
    "test_accuracy": 97.30212355212356,
    "test_loss": 0.08679421419884294,
    "test_IoU": 0.7030792413566521
}