{
    "test_accuracy": 97.34073359073359,
    "test_loss": 0.08267279125083189,
    "test_IoU": 0.7224950282768813
}