{
    "test_accuracy": 97.39382239382239,
    "test_loss": 0.082949901163509,
    "test_IoU": 0.7308769860385202
}