{
    "test_accuracy": 96.83397683397683,
    "test_loss": 0.09893667195164768,
    "test_IoU": 0.6901027216441693
}