{
    "test_accuracy": 96.86776061776061,
    "test_loss": 0.10006139676925947,
    "test_IoU": 0.6932759198353425
}