{
    "test_accuracy": 93.27445652173914,
    "test_loss": 0.20164279720705486,
    "test_IoU": 0.5149566702692875
}