{
    "test_accuracy": 97.4565637065637,
    "test_loss": 0.07926290159481635,
    "test_IoU": 0.6899096867625493
}