{
    "test_accuracy": 97.4469111969112,
    "test_loss": 0.0799002651366647,
    "test_IoU": 0.6939381174439466
}