{
    "test_accuracy": 97.28281853281854,
    "test_loss": 0.09058376696437917,
    "test_IoU": 0.6973903001651962
}