{
    "test_accuracy": 97.28281853281854,
    "test_loss": 0.09038303956607885,
    "test_IoU": 0.6964272470976083
}