{
    "test_accuracy": 96.80984555984557,
    "test_loss": 0.0994409929909226,
    "test_IoU": 0.6901022527308608
}