{
    "test_accuracy": 96.80984555984557,
    "test_loss": 0.09922138842995519,
    "test_IoU": 0.6874618861466717
}