{
    "1": {
        "train_loss": 0.10395914929175534,
        "train_accuracy": 96.62966537966537,
        "train_IoU": 0.6719757028280776,
        "val_accuracy": 97.10277817994627,
        "val_loss": 0.08182902886999822,
        "val_IoU": 0.7008945882041087
    },
    "2": {
        "train_loss": 0.03501648697925389,
        "train_accuracy": 98.36979836979836,
        "train_IoU": 0.8296574791051949,
        "val_accuracy": 97.07703939642552,
        "val_loss": 0.08382086686640519,
        "val_IoU": 0.7026891359682189
    },
    "3": {
        "train_loss": 0.027452237245690035,
        "train_accuracy": 98.5548048048048,
        "train_IoU": 0.8546944894275075,
        "val_accuracy": 96.99821437189324,
        "val_loss": 0.08698523329061152,
        "val_IoU": 0.6970617767216933
    },
    "4": {
        "train_loss": 0.023677790968301127,
        "train_accuracy": 98.6990561990562,
        "train_IoU": 0.8705517407649023,
        "val_accuracy": 97.06577867863521,
        "val_loss": 0.0902849689270695,
        "val_IoU": 0.7074371729080527
    },
    "5": {
        "train_loss": 0.02034198398850146,
        "train_accuracy": 98.82936507936509,
        "train_IoU": 0.8807965503661566,
        "val_accuracy": 97.04003989511446,
        "val_loss": 0.09382334971846444,
        "val_IoU": 0.7089604272459286
    },
    "6": {
        "train_loss": 0.017363154639613968,
        "train_accuracy": 98.993993993994,
        "train_IoU": 0.9030314555164871,
        "val_accuracy": 97.04325724305455,
        "val_loss": 0.1001712294825287,
        "val_IoU": 0.7153562108129414
    },
    "7": {
        "train_loss": 0.015256439640145846,
        "train_accuracy": 99.1012441012441,
        "train_IoU": 0.9134631587643838,
        "val_accuracy": 97.00625774174348,
        "val_loss": 0.10303210256594414,
        "val_IoU": 0.7028090938510501
    },
    "8": {
        "train_loss": 0.014034273338886228,
        "train_accuracy": 99.14628914628915,
        "train_IoU": 0.917111506656472,
        "val_accuracy": 97.0207358074739,
        "val_loss": 0.1071761081902092,
        "val_IoU": 0.7041646527644381
    },
    "9": {
        "train_loss": 0.012663007044366329,
        "train_accuracy": 99.19347919347919,
        "train_IoU": 0.9211289781829288,
        "val_accuracy": 97.08508276627576,
        "val_loss": 0.11039222696453048,
        "val_IoU": 0.700625784231652
    },
    "10": {
        "train_loss": 0.011547524111711989,
        "train_accuracy": 99.26426426426427,
        "train_IoU": 0.9315917153087512,
        "val_accuracy": 97.12529961552691,
        "val_loss": 0.11365622861709437,
        "val_IoU": 0.7041344753400712
    },
    "11": {
        "train_loss": 0.010035274381178938,
        "train_accuracy": 99.34309309309309,
        "train_IoU": 0.9321145355307646,
        "val_accuracy": 96.954780174702,
        "val_loss": 0.12029423308438986,
        "val_IoU": 0.7052169730512147
    },
    "12": {
        "train_loss": 0.00996878378920376,
        "train_accuracy": 99.3495280995281,
        "train_IoU": 0.93809391752101,
        "val_accuracy": 96.9724755883725,
        "val_loss": 0.12471565839322138,
        "val_IoU": 0.7060237707179446
    },
    "13": {
        "train_loss": 0.00878282961739717,
        "train_accuracy": 99.43318318318319,
        "train_IoU": 0.9422437976818936,
        "val_accuracy": 96.97086691440245,
        "val_loss": 0.1268277665281716,
        "val_IoU": 0.7065417853959163
    },
    "14": {
        "train_loss": 0.008106417296225478,
        "train_accuracy": 99.47393822393822,
        "train_IoU": 0.9451708823706075,
        "val_accuracy": 97.07382204848544,
        "val_loss": 0.13227140799806983,
        "val_IoU": 0.7058797993750645
    },
    "15": {
        "train_loss": 0.007561744307287681,
        "train_accuracy": 99.50879450879451,
        "train_IoU": 0.9528084806422579,
        "val_accuracy": 96.93547608706143,
        "val_loss": 0.13511347518984712,
        "val_IoU": 0.7049006605332439
    },
    "16": {
        "train_loss": 0.007352591706529337,
        "train_accuracy": 99.53507078507079,
        "train_IoU": 0.9542305465666748,
        "val_accuracy": 97.01430111159371,
        "val_loss": 0.13830744709813325,
        "val_IoU": 0.6997570480985383
    },
    "17": {
        "train_loss": 0.006548426133364948,
        "train_accuracy": 99.57153582153582,
        "train_IoU": 0.9572639734496693,
        "val_accuracy": 96.99177967601307,
        "val_loss": 0.14505521174548505,
        "val_IoU": 0.7062052399621601
    },
    "18": {
        "train_loss": 0.006083031642168151,
        "train_accuracy": 99.62462462462463,
        "train_IoU": 0.9626719047962367,
        "val_accuracy": 97.05451796084488,
        "val_loss": 0.14689480013251413,
        "val_IoU": 0.7084663013429665
    },
    "19": {
        "train_loss": 0.0061452155045337055,
        "train_accuracy": 99.59137709137708,
        "train_IoU": 0.9578872943837304,
        "val_accuracy": 96.91456332545083,
        "val_loss": 0.14722278190715254,
        "val_IoU": 0.7087313127056714
    },
    "20": {
        "train_loss": 0.005793134561145527,
        "train_accuracy": 99.62408837408837,
        "train_IoU": 0.9604549848689332,
        "val_accuracy": 96.9756929363126,
        "val_loss": 0.15484116876206167,
        "val_IoU": 0.7011323775700941
    },
    "21": {
        "train_loss": 0.005412963547106704,
        "train_accuracy": 99.64607464607465,
        "train_IoU": 0.9605036248966476,
        "val_accuracy": 96.95799752264207,
        "val_loss": 0.15728864772951928,
        "val_IoU": 0.7056387313332395
    },
    "22": {
        "train_loss": 0.005581493330692796,
        "train_accuracy": 99.63481338481338,
        "train_IoU": 0.9647641247388998,
        "val_accuracy": 97.06095265672506,
        "val_loss": 0.15555143219116052,
        "val_IoU": 0.7079702741645344
    },
    "23": {
        "train_loss": 0.0049660860149605395,
        "train_accuracy": 99.68522093522093,
        "train_IoU": 0.9678833956511689,
        "val_accuracy": 96.98373630616283,
        "val_loss": 0.16158492027206656,
        "val_IoU": 0.7052068971442328
    },
    "24": {
        "train_loss": 0.004899371177429874,
        "train_accuracy": 99.6954096954097,
        "train_IoU": 0.9683140425120035,
        "val_accuracy": 97.01430111159371,
        "val_loss": 0.16929716688379964,
        "val_IoU": 0.6962783739331018
    },
    "25": {
        "train_loss": 0.0047276445676890004,
        "train_accuracy": 99.67985842985843,
        "train_IoU": 0.968719256081591,
        "val_accuracy": 96.9065199556006,
        "val_loss": 0.16732444280064776,
        "val_IoU": 0.6993334308845522
    },
    "26": {
        "train_loss": 0.004238072217984285,
        "train_accuracy": 99.71739596739597,
        "train_IoU": 0.9698118867660496,
        "val_accuracy": 96.94351945691166,
        "val_loss": 0.1719034093879107,
        "val_IoU": 0.7020763175062059
    },
    "27": {
        "train_loss": 0.004530386979447817,
        "train_accuracy": 99.69272844272844,
        "train_IoU": 0.9684764872825683,
        "val_accuracy": 96.9998230458633,
        "val_loss": 0.17376238586541068,
        "val_IoU": 0.711020234932969
    },
    "28": {
        "train_loss": 0.004402016193344224,
        "train_accuracy": 99.71149721149722,
        "train_IoU": 0.968422552726069,
        "val_accuracy": 96.83734697488859,
        "val_loss": 0.1760274244454657,
        "val_IoU": 0.6871078065816556
    },
    "29": {
        "train_loss": 0.003928328223545195,
        "train_accuracy": 99.740990990991,
        "train_IoU": 0.9718261779401424,
        "val_accuracy": 96.91295465148079,
        "val_loss": 0.17560532905373138,
        "val_IoU": 0.6836438173617039
    },
    "30": {
        "train_loss": 0.003868424286832653,
        "train_accuracy": 99.75868725868726,
        "train_IoU": 0.974036208035649,