{
    "1": {
        "train_loss": 0.13721239300254243,
        "train_accuracy": 95.79525954525955,
        "train_IoU": 0.6214019660541586,
        "val_accuracy": 97.08830011421585,
        "val_loss": 0.08256492627412852,
        "val_IoU": 0.6845090887562091
    },
    "2": {
        "train_loss": 0.04117655180514184,
        "train_accuracy": 98.11615186615187,
        "train_IoU": 0.7963342664036082,
        "val_accuracy": 97.05290928687484,
        "val_loss": 0.0818558044265956,
        "val_IoU": 0.6974437961301644
    },
    "3": {
        "train_loss": 0.032293421965937444,
        "train_accuracy": 98.40250965250965,
        "train_IoU": 0.8376312776297846,
        "val_accuracy": 97.01912713350386,
        "val_loss": 0.08626209682528183,
        "val_IoU": 0.7050699618516415
    },
    "4": {
        "train_loss": 0.027223809101834848,
        "train_accuracy": 98.5558773058773,
        "train_IoU": 0.8495864613245298,
        "val_accuracy": 97.03038785129418,
        "val_loss": 0.0909075937540474,
        "val_IoU": 0.6920206320285249
    },
    "5": {
        "train_loss": 0.023505232422328173,
        "train_accuracy": 98.69208494208495,
        "train_IoU": 0.8712778691748271,
        "val_accuracy": 97.0175184595338,
        "val_loss": 0.08910077165547806,
        "val_IoU": 0.704319443965528
    },
    "6": {
        "train_loss": 0.020424908615521556,
        "train_accuracy": 98.83526383526383,
        "train_IoU": 0.8847549341867529,
        "val_accuracy": 97.03682254717437,
        "val_loss": 0.09482537251810909,
        "val_IoU": 0.6861556676093417
    },
    "7": {
        "train_loss": 0.01784795972402922,
        "train_accuracy": 98.96289146289146,
        "train_IoU": 0.9011922135384074,
        "val_accuracy": 96.9483454788218,
        "val_loss": 0.1002066971081665,
        "val_IoU": 0.678659556974027
    },
    "8": {
        "train_loss": 0.015445902873298523,
        "train_accuracy": 99.06048906048906,
        "train_IoU": 0.9056808168345125,
        "val_accuracy": 96.98534498013288,
        "val_loss": 0.10363033231646744,
        "val_IoU": 0.688086461019292
    },
    "9": {
        "train_loss": 0.01392883503897941,
        "train_accuracy": 99.12912912912914,
        "train_IoU": 0.913153039631279,
        "val_accuracy": 96.96604089249232,
        "val_loss": 0.10886069021950401,
        "val_IoU": 0.6995762720900316
    },
    "10": {
        "train_loss": 0.0126379043137186,
        "train_accuracy": 99.21117546117546,
        "train_IoU": 0.9214874843016387,
        "val_accuracy": 97.01590978556376,
        "val_loss": 0.11185106401197104,
        "val_IoU": 0.6957189971997985
    },
    "11": {
        "train_loss": 0.011134093997174004,
        "train_accuracy": 99.29697554697555,
        "train_IoU": 0.9316989194497781,
        "val_accuracy": 96.9966056979232,
        "val_loss": 0.12008687405590224,
        "val_IoU": 0.6893959505280283
    },
    "12": {
        "train_loss": 0.01060459715469498,
        "train_accuracy": 99.31038181038181,
        "train_IoU": 0.9272705590738436,
        "val_accuracy": 96.96121487058218,
        "val_loss": 0.12090727861648731,
        "val_IoU": 0.7006930746069078
    },
    "13": {
        "train_loss": 0.009753396336549994,
        "train_accuracy": 99.3570356070356,
        "train_IoU": 0.9340948207360293,
        "val_accuracy": 96.91617199942087,
        "val_loss": 0.12389914231416055,
        "val_IoU": 0.6988436513119389
    },
    "14": {
        "train_loss": 0.00888689999504,
        "train_accuracy": 99.4460531960532,
        "train_IoU": 0.9436153338188745,
        "val_accuracy": 96.92260669530106,
        "val_loss": 0.12571513892902111,
        "val_IoU": 0.6968741653779353
    },
    "15": {
        "train_loss": 0.007829889517044816,
        "train_accuracy": 99.494851994852,
        "train_IoU": 0.9464355588306758,
        "val_accuracy": 96.96764956646237,
        "val_loss": 0.13217529952655444,
        "val_IoU": 0.7042097725913432
    },
    "16": {
        "train_loss": 0.007696684667111184,
        "train_accuracy": 99.52273702273702,
        "train_IoU": 0.9513271086046752,
        "val_accuracy": 96.98856232807297,
        "val_loss": 0.13097601056105157,
        "val_IoU": 0.6943067892196657
    },
    "17": {
        "train_loss": 0.007167816858498917,
        "train_accuracy": 99.52809952809952,
        "train_IoU": 0.9500504360470516,
        "val_accuracy": 97.00304039380339,
        "val_loss": 0.13820241983819917,
        "val_IoU": 0.6999786271273825
    },
    "18": {
        "train_loss": 0.006789062164838576,
        "train_accuracy": 99.55276705276705,
        "train_IoU": 0.9514742648958354,
        "val_accuracy": 97.0207358074739,
        "val_loss": 0.1388225856869731,
        "val_IoU": 0.6990162146459782
    },
    "19": {
        "train_loss": 0.006446847472717177,
        "train_accuracy": 99.57582582582583,
        "train_IoU": 0.9559994346082747,
        "val_accuracy": 96.92421536927111,
        "val_loss": 0.14287649597141433,
        "val_IoU": 0.6985055475261711
    },
    "20": {
        "train_loss": 0.005924342836424301,
        "train_accuracy": 99.59030459030458,
        "train_IoU": 0.9581068289011319,
        "val_accuracy": 96.86791178031949,
        "val_loss": 0.1458267523139886,
        "val_IoU": 0.6834030659476851
    },
    "21": {
        "train_loss": 0.005657139720465566,
        "train_accuracy": 99.61229086229086,
        "train_IoU": 0.9557952333685504,
        "val_accuracy": 96.87756382413976,
        "val_loss": 0.14887095856218732,
        "val_IoU": 0.6966697902043293
    },
    "22": {
        "train_loss": 0.005313297176841519,
        "train_accuracy": 99.63588588588588,
        "train_IoU": 0.9609073324489573,
        "val_accuracy": 96.87917249810981,
        "val_loss": 0.15501963516238346,
        "val_IoU": 0.6896663859439417
    },
    "23": {
        "train_loss": 0.005675706099474515,
        "train_accuracy": 99.63856713856714,
        "train_IoU": 0.9608262573271155,
        "val_accuracy": 97.01590978556376,
        "val_loss": 0.15130479596152804,
        "val_IoU": 0.7028828743710274
    },
    "24": {
        "train_loss": 0.004511809408399312,
        "train_accuracy": 99.68629343629344,
        "train_IoU": 0.9657284505389503,
        "val_accuracy": 96.98695365410292,
        "val_loss": 0.15494150242622357,
        "val_IoU": 0.6996538377670406
    },
    "25": {
        "train_loss": 0.004545276989079313,
        "train_accuracy": 99.69969969969969,
        "train_IoU": 0.9691109804112061,
        "val_accuracy": 97.02556182938405,
        "val_loss": 0.15624279574464262,
        "val_IoU": 0.6984522909648636
    },
    "26": {
        "train_loss": 0.004514202258867065,
        "train_accuracy": 99.70827970827972,
        "train_IoU": 0.968440706609503,
        "val_accuracy": 97.06095265672506,
        "val_loss": 0.16199548934616756,
        "val_IoU": 0.7004041218491893
    },
    "27": {
        "train_loss": 0.004119156478532108,
        "train_accuracy": 99.73616473616474,
        "train_IoU": 0.9726483743334976,
        "val_accuracy": 96.9966056979232,
        "val_loss": 0.16219609491906753,
        "val_IoU": 0.6972665930225501
    },
    "28": {
        "train_loss": 0.004382763778477322,
        "train_accuracy": 99.71578721578722,
        "train_IoU": 0.9707022782212984,
        "val_accuracy": 96.94191078294162,
        "val_loss": 0.1653696419787954,
        "val_IoU": 0.6888724198704894
    },
    "29": {
        "train_loss": 0.004375146034962094,
        "train_accuracy": 99.71578721578722,
        "train_IoU": 0.9723431767215243,
        "val_accuracy": 97.08025674436563,
        "val_loss": 0.16456108627763746,
        "val_IoU": 0.6999451858358445
    },
    "30": {
        "train_loss": 0.0038112068855251455,
        "train_accuracy": 99.74742599742599,
        "train_IoU": 0.9691951690312786,