{
    "micro_IoU": 0.800548692050955,
    "micro_Precision": 0.8892274844720497,
    "micro_Recall": 0.8892274844720497,
    "micro_F1-score": 0.8892274844720497,
    "MACRO_IoU": 0.39531148193688037,
    "MACRO_Precision": 0.5236528488244307,
    "MACRO_Recall": 0.5187681719314174,
    "MACRO_F1-score": 0.5025162750617885,
    "Accuracy": 0.8892274844720497
}