{
    "micro_IoU": 0.9482849405746954,
    "micro_Precision": 0.9734561108858902,
    "micro_Recall": 0.9734561108858902,
    "micro_F1-score": 0.9734561108858902,
    "MACRO_IoU": 0.692698733066059,
    "MACRO_Precision": 0.8252725148549649,
    "MACRO_Recall": 0.7688558694206252,
    "MACRO_F1-score": 0.7921354467207596,
    "Accuracy": 0.9734561108858902
}