{
    "micro_IoU": 0.948651393747884,
    "micro_Precision": 0.9736491573521747,
    "micro_Recall": 0.9736491573521747,
    "micro_F1-score": 0.9736491573521747,
    "MACRO_IoU": 0.7172610755314983,
    "MACRO_Precision": 0.8307682862368593,
    "MACRO_Recall": 0.8014753010355642,
    "MACRO_F1-score": 0.81300731165451,
    "Accuracy": 0.9736491573521747
}