{
    "micro_IoU": 0.9386601796407186,
    "micro_Precision": 0.9683596841759812,
    "micro_Recall": 0.9683596841759812,
    "micro_F1-score": 0.9683596841759812,
    "MACRO_IoU": 0.6904360153700448,
    "MACRO_Precision": 0.818039760979465,
    "MACRO_Recall": 0.7774020997784439,
    "MACRO_F1-score": 0.7930687904471013,
    "Accuracy": 0.9683596841759812
}