{
    "micro_IoU": 0.9451878184025735,
    "micro_Precision": 0.971821650804682,
    "micro_Recall": 0.971821650804682,
    "micro_F1-score": 0.971821650804682,
    "MACRO_IoU": 0.7046409773678443,
    "MACRO_Precision": 0.8281320027747208,
    "MACRO_Recall": 0.7877826331601662,
    "MACRO_F1-score": 0.8040601530876718,
    "Accuracy": 0.971821650804682
}