{
    "1": {
        "train_loss": 0.10781346221135496,
        "train_accuracy": 96.48659953025964,
        "train_IoU": 0.6619510360937444,
        "val_accuracy": 97.06241956241956,
        "val_loss": 0.08159495153514196,
        "val_IoU": 0.7021589171627356
    },
    "2": {
        "train_loss": 0.03577147411452909,
        "train_accuracy": 98.33016955696407,
        "train_IoU": 0.8151285692756268,
        "val_accuracy": 97.02541827541828,
        "val_loss": 0.08428433526464482,
        "val_IoU": 0.6865293612707539
    },
    "3": {
        "train_loss": 0.02915298615632785,
        "train_accuracy": 98.5323295046277,
        "train_IoU": 0.8371316572401373,
        "val_accuracy": 97.08976833976834,
        "val_loss": 0.08659760974282439,
        "val_IoU": 0.6968313258690072
    },
    "4": {
        "train_loss": 0.02451519371023469,
        "train_accuracy": 98.68783715667664,
        "train_IoU": 0.8618626960201203,
        "val_accuracy": 97.09298584298584,
        "val_loss": 0.08956734305573433,
        "val_IoU": 0.6903754356945988
    },
    "5": {
        "train_loss": 0.021265800468231757,
        "train_accuracy": 98.80902587861824,
        "train_IoU": 0.878165856130358,
        "val_accuracy": 97.1010296010296,
        "val_loss": 0.09332102474599872,
        "val_IoU": 0.7039437110959288
    },
    "6": {
        "train_loss": 0.018825532892674496,
        "train_accuracy": 98.94308419935008,
        "train_IoU": 0.8878413138429566,
        "val_accuracy": 97.09620334620335,
        "val_loss": 0.09896304920352152,
        "val_IoU": 0.7004377046547315
    },
    "7": {
        "train_loss": 0.01633769002822648,
        "train_accuracy": 99.02244672522335,
        "train_IoU": 0.8986737144344576,
        "val_accuracy": 97.0479407979408,
        "val_loss": 0.10331251667362143,
        "val_IoU": 0.6910529242824942
    },
    "8": {
        "train_loss": 0.014714693018468906,
        "train_accuracy": 99.10556288407709,
        "train_IoU": 0.9093194042610353,
        "val_accuracy": 96.92567567567568,
        "val_loss": 0.10772558721596827,
        "val_IoU": 0.6948140587261296
    },
    "9": {
        "train_loss": 0.01337052019952665,
        "train_accuracy": 99.15757751252104,
        "train_IoU": 0.9130970969323922,
        "val_accuracy": 97.03828828828829,
        "val_loss": 0.11327649777589387,
        "val_IoU": 0.6904754162861224
    },
    "10": {
        "train_loss": 0.011786254368707741,
        "train_accuracy": 99.24820093733577,
        "train_IoU": 0.9234042574596637,
        "val_accuracy": 96.94337194337194,
        "val_loss": 0.11788750543410466,
        "val_IoU": 0.6932240156044587
    },
    "11": {
        "train_loss": 0.010950902837069192,
        "train_accuracy": 99.30665036517486,
        "train_IoU": 0.9294441988875798,
        "val_accuracy": 96.93371943371943,
        "val_loss": 0.12282884739427503,
        "val_IoU": 0.6971000406564283
    },
    "12": {
        "train_loss": 0.010242035863262276,
        "train_accuracy": 99.35115772765784,
        "train_IoU": 0.93452045212358,
        "val_accuracy": 96.90315315315316,
        "val_loss": 0.1261361897990122,
        "val_IoU": 0.6967362023499918
    },
    "13": {
        "train_loss": 0.00911137067302396,
        "train_accuracy": 99.42515792070182,
        "train_IoU": 0.9430738242131719,
        "val_accuracy": 96.99002574002574,
        "val_loss": 0.13332351017288221,
        "val_IoU": 0.6765437468624339
    },
    "14": {
        "train_loss": 0.008482788749719583,
        "train_accuracy": 99.4659116502043,
        "train_IoU": 0.9453352173939891,
        "val_accuracy": 96.97393822393823,
        "val_loss": 0.13494220014067262,
        "val_IoU": 0.6918034784719433
    },
    "15": {
        "train_loss": 0.00824053938949606,
        "train_accuracy": 99.46644788348723,
        "train_IoU": 0.9436302761290728,
        "val_accuracy": 96.93532818532819,
        "val_loss": 0.13859221239548147,
        "val_IoU": 0.6859064337957079
    },
    "16": {
        "train_loss": 0.007345549196701832,
        "train_accuracy": 99.53025964415559,
        "train_IoU": 0.9530699996856893,
        "val_accuracy": 96.994851994852,
        "val_loss": 0.14331896922748047,
        "val_IoU": 0.6966610229760204
    },
    "17": {
        "train_loss": 0.006637837371129383,
        "train_accuracy": 99.55439014188732,
        "train_IoU": 0.9559806687083341,
        "val_accuracy": 96.82110682110682,
        "val_loss": 0.14775897206023805,
        "val_IoU": 0.6876041104010235
    },
    "18": {
        "train_loss": 0.006791413480664593,
        "train_accuracy": 99.5501002756239,
        "train_IoU": 0.9517796298765061,
        "val_accuracy": 96.89189189189189,
        "val_loss": 0.15304251244465802,
        "val_IoU": 0.691266853399157
    },
    "19": {
        "train_loss": 0.006412407311282257,
        "train_accuracy": 99.58763660542883,
        "train_IoU": 0.9588293281734996,
        "val_accuracy": 96.93050193050193,
        "val_loss": 0.14821208921072382,
        "val_IoU": 0.69222919637616
    },
    "20": {
        "train_loss": 0.0060874367359381384,
        "train_accuracy": 99.61927436912154,
        "train_IoU": 0.9648199196877189,
        "val_accuracy": 96.95945945945947,
        "val_loss": 0.15792009516412198,
        "val_IoU": 0.6945484509202907
    },
    "21": {
        "train_loss": 0.00535511257981794,
        "train_accuracy": 99.63536136760936,
        "train_IoU": 0.9628685316800114,
        "val_accuracy": 96.994851994852,
        "val_loss": 0.16075337287861366,
        "val_IoU": 0.6973432499920978
    },
    "22": {
        "train_loss": 0.005153418541014988,
        "train_accuracy": 99.66807159786794,
        "train_IoU": 0.9640152747927786,
        "val_accuracy": 96.96267696267697,
        "val_loss": 0.16399595602544845,
        "val_IoU": 0.6968757045254093
    },
    "23": {
        "train_loss": 0.005251089195088461,
        "train_accuracy": 99.65252083266304,
        "train_IoU": 0.9589287317725059,
        "val_accuracy": 96.96267696267697,
        "val_loss": 0.16531576358518216,
        "val_IoU": 0.6953779587687925
    },
    "24": {
        "train_loss": 0.004639591393187327,
        "train_accuracy": 99.70185429469237,
        "train_IoU": 0.9701829493408607,
        "val_accuracy": 96.9417631917632,
        "val_loss": 0.17088998277838593,
        "val_IoU": 0.6905729598167897
    },
    "25": {
        "train_loss": 0.0044410134858183835,
        "train_accuracy": 99.72330362600947,
        "train_IoU": 0.9738583851424725,
        "val_accuracy": 96.91280566280567,
        "val_loss": 0.17797887162266485,
        "val_IoU": 0.6861644759051171
    },
    "26": {
        "train_loss": 0.004655964169007517,
        "train_accuracy": 99.68844846261918,
        "train_IoU": 0.9691430496998208,
        "val_accuracy": 96.85328185328186,
        "val_loss": 0.17747978324601396,
        "val_IoU": 0.6863247525376301
    },
    "27": {
        "train_loss": 0.004546242626109992,
        "train_accuracy": 99.70560792767286,
        "train_IoU": 0.9704279494653409,
        "val_accuracy": 97.00289575289575,
        "val_loss": 0.17867786666606433,
        "val_IoU": 0.6884621665844856
    },
    "28": {
        "train_loss": 0.004123884015091039,
        "train_accuracy": 99.73617322479971,
        "train_IoU": 0.9715934318998617,
        "val_accuracy": 96.91441441441442,
        "val_loss": 0.18526829504063005,
        "val_IoU": 0.6868421432825811
    },
    "29": {
        "train_loss": 0.004053286696379967,
        "train_accuracy": 99.7399268577802,
        "train_IoU": 0.9740822567605847,
        "val_accuracy": 96.97232947232948,
        "val_loss": 0.1855340681068498,
        "val_IoU": 0.6960219359402174
    },
    "30": {
        "train_loss": 0.004197834514965133,
        "train_accuracy": 99.73939062449728,
        "train_IoU": 0.9715043525835604,