{
    "micro_IoU": 0.9432783748804232,
    "micro_Precision": 0.9708113742977935,
    "micro_Recall": 0.9708113742977935,
    "micro_F1-score": 0.9708113742977935,
    "MACRO_IoU": 0.6775483157909227,
    "MACRO_Precision": 0.7970317243922601,
    "MACRO_Recall": 0.7622708643677432,
    "MACRO_F1-score": 0.7774543505899507,
    "Accuracy": 0.9708113742977935
}