{
    "micro_IoU": 0.9480101911307078,
    "micro_Precision": 0.9733113260361769,
    "micro_Recall": 0.9733113260361769,
    "micro_F1-score": 0.9733113260361769,
    "MACRO_IoU": 0.718224844796207,
    "MACRO_Precision": 0.8308083319310711,
    "MACRO_Recall": 0.8020887012637476,
    "MACRO_F1-score": 0.8143714816668204,
    "Accuracy": 0.9733113260361769
}