{
    "micro_IoU": 0.9378261601481398,
    "micro_Precision": 0.967915677303527,
    "micro_Recall": 0.967915677303527,
    "micro_F1-score": 0.967915677303527,
    "MACRO_IoU": 0.6821942904813552,
    "MACRO_Precision": 0.8148509816540599,
    "MACRO_Recall": 0.7690030174671698,
    "MACRO_F1-score": 0.7875731661071793,
    "Accuracy": 0.967915677303527
}