{
    "micro_IoU": 0.9430293292989788,
    "micro_Precision": 0.9706794592124991,
    "micro_Recall": 0.9706794592124991,
    "micro_F1-score": 0.9706794592124991,
    "MACRO_IoU": 0.6974094346271588,
    "MACRO_Precision": 0.8183374365235458,
    "MACRO_Recall": 0.7836473440216853,
    "MACRO_F1-score": 0.7986263566952263,
    "Accuracy": 0.9706794592124991
}