{
    "test_accuracy": 94.85151397515527,
    "test_loss": 0.14783233404159551,
    "test_IoU": 0.5472159054411241
}