{
    "test_accuracy": 88.95089285714286,
    "test_loss": 0.37947340072450786,
    "test_IoU": 0.5086588750805122
}