{
    "test_accuracy": 93.45399844720497,
    "test_loss": 0.21002769317501085,
    "test_IoU": 0.5071609955148066
}