{
    "1": {
        "train_loss": 0.4888060518761266,
        "train_accuracy": 86.05025773195875,
        "train_IoU": 0.23757439573448744,
        "val_accuracy": 93.99747670807453,
        "val_loss": 0.1829292913262519,
        "val_IoU": 0.3321419822101045
    }
}