{
    "1": {
        "train_loss": 0.5148377368746371,
        "train_accuracy": 85.64473014256619,
        "train_IoU": 0.21985107993353784,
        "val_accuracy": 92.88247699386503,
        "val_loss": 0.2213508515087374,
        "val_IoU": 0.34900554165559056
    }
}