{
    "1": {
        "train_loss": 0.6519915297642784,
        "train_accuracy": 77.08789263645725,
        "train_IoU": 0.17867402385854353,
        "val_accuracy": 80.79527863777089,
        "val_loss": 0.4842314328017991,
        "val_IoU": 0.23099173762046207
    }
}