{
    "1": {
        "train_loss": 0.43685407248059593,
        "train_accuracy": 86.74826150412088,
        "train_IoU": 0.3187276345068893,
        "val_accuracy": 94.90657216494846,
        "val_loss": 0.1397901388902949,
        "val_IoU": 0.41897761007067985
    },
    "2": {
        "train_loss": 0.13912478793965136,
        "train_accuracy": 94.97875171703298,
        "train_IoU": 0.45345930553179664,
        "val_accuracy": 95.24484536082474,
        "val_loss": 0.12451978249417746,
        "val_IoU": 0.4925432423464241
    },
    "3": {
        "train_loss": 0.118321060116024,
        "train_accuracy": 95.54268973214286,
        "train_IoU": 0.5050726846671163,
        "val_accuracy": 95.15947164948454,
        "val_loss": 0.12408617291714745,
        "val_IoU": 0.534220690075361
    },
    "4": {
        "train_loss": 0.10816924588672891,
        "train_accuracy": 95.84531679258241,
        "train_IoU": 0.5389765497539187,
        "val_accuracy": 95.33666237113401,
        "val_loss": 0.11466282869967612,
        "val_IoU": 0.5297301893289469
    },
    "5": {
        "train_loss": 0.10188442496787543,
        "train_accuracy": 96.0438487293956,
        "train_IoU": 0.5637147911883337,
        "val_accuracy": 96.35470360824743,
        "val_loss": 0.09286826703716639,
        "val_IoU": 0.5792454949084382
    },
    "6": {
        "train_loss": 0.09584641077998358,
        "train_accuracy": 96.22521033653845,
        "train_IoU": 0.5839357821768358,
        "val_accuracy": 96.5367268041237,
        "val_loss": 0.08901932131806298,
        "val_IoU": 0.6139844766633409
    },
    "7": {
        "train_loss": 0.09163561548492714,
        "train_accuracy": 96.38993818681318,
        "train_IoU": 0.6043354061018127,
        "val_accuracy": 95.24806701030928,
        "val_loss": 0.11120413606698373,
        "val_IoU": 0.5768569998264091
    },
    "8": {
        "train_loss": 0.0890199030752058,
        "train_accuracy": 96.42803485576923,
        "train_IoU": 0.6063516735209624,
        "val_accuracy": 95.68943298969073,
        "val_loss": 0.10685333643377443,
        "val_IoU": 0.5837427752318247
    },
    "9": {
        "train_loss": 0.08621674737506692,
        "train_accuracy": 96.55251974587912,
        "train_IoU": 0.6225100492413247,
        "val_accuracy": 96.63176546391753,
        "val_loss": 0.08530120327300633,
        "val_IoU": 0.6413929502037035
    },
    "10": {
        "train_loss": 0.08271740158318779,
        "train_accuracy": 96.67646806318682,
        "train_IoU": 0.638123109085386,
        "val_accuracy": 96.66881443298969,
        "val_loss": 0.08628713068043459,
        "val_IoU": 0.630740391042041
    },
    "11": {
        "train_loss": 0.08140045024101517,
        "train_accuracy": 96.73227163461539,
        "train_IoU": 0.642660838940065,
        "val_accuracy": 96.67042525773196,
        "val_loss": 0.08654336199721264,
        "val_IoU": 0.6333996595967806
    },
    "12": {
        "train_loss": 0.07899559735433087,
        "train_accuracy": 96.81168440934066,
        "train_IoU": 0.6535906500493985,
        "val_accuracy": 96.6978092783505,
        "val_loss": 0.08582442939934347,
        "val_IoU": 0.6444026318069012
    },
    "13": {
        "train_loss": 0.07766146878878194,
        "train_accuracy": 96.81544041895604,
        "train_IoU": 0.6540009380719062,
        "val_accuracy": 96.78640463917526,
        "val_loss": 0.08309162901042356,
        "val_IoU": 0.6413615552662142
    },
    "14": {
        "train_loss": 0.076306789978484,
        "train_accuracy": 96.87017084478022,
        "train_IoU": 0.6584620796898364,
        "val_accuracy": 96.86050257731958,
        "val_loss": 0.0821824445427616,
        "val_IoU": 0.6575728902808933
    },
    "15": {
        "train_loss": 0.07416551504898206,
        "train_accuracy": 96.97480254120879,
        "train_IoU": 0.6743218473669651,
        "val_accuracy": 96.71875,
        "val_loss": 0.08470053033922445,
        "val_IoU": 0.665570653841124
    },
    "16": {
        "train_loss": 0.0734850923821154,
        "train_accuracy": 96.93294986263736,
        "train_IoU": 0.669699549937087,
        "val_accuracy": 96.84439432989691,
        "val_loss": 0.0820295974746654,
        "val_IoU": 0.648501828816914
    },
    "17": {
        "train_loss": 0.0716790295088315,
        "train_accuracy": 97.02738667582418,
        "train_IoU": 0.6751893711602535,
        "val_accuracy": 96.8347293814433,
        "val_loss": 0.08041042598905314,
        "val_IoU": 0.6646041902530584
    },
    "18": {
        "train_loss": 0.0706034773208488,
        "train_accuracy": 97.0225575206044,
        "train_IoU": 0.6780654814230591,
        "val_accuracy": 96.16140463917526,
        "val_loss": 0.09591857586152001,
        "val_IoU": 0.6339681049905743
    },
    "19": {
        "train_loss": 0.0694619340279682,
        "train_accuracy": 97.06441019917582,
        "train_IoU": 0.6815457068278887,
        "val_accuracy": 96.87177835051546,
        "val_loss": 0.08243402767465585,
        "val_IoU": 0.6718236591239026
    },
    "20": {
        "train_loss": 0.06810408283618617,
        "train_accuracy": 97.10465315934066,
        "train_IoU": 0.6897133903694158,
        "val_accuracy": 96.57377577319588,
        "val_loss": 0.09196668626913394,
        "val_IoU": 0.6277290821203482
    },
    "21": {
        "train_loss": 0.06715218418861156,
        "train_accuracy": 97.1668956043956,
        "train_IoU": 0.6988015577101664,
        "val_accuracy": 96.73002577319588,
        "val_loss": 0.08479314548510719,
        "val_IoU": 0.6425214745018236
    },
    "22": {
        "train_loss": 0.06622794284331777,
        "train_accuracy": 97.15133499313187,
        "train_IoU": 0.6883737444337344,
        "val_accuracy": 96.61404639175257,
        "val_loss": 0.08494368868774356,
        "val_IoU": 0.645237507308747
    },
    "23": {
        "train_loss": 0.06450077693187886,
        "train_accuracy": 97.2393329326923,
        "train_IoU": 0.6996025983665578,
        "val_accuracy": 96.7332474226804,
        "val_loss": 0.0858654459621565,
        "val_IoU": 0.6523863452422234
    },
    "24": {
        "train_loss": 0.06426526441950096,
        "train_accuracy": 97.25972269917582,
        "train_IoU": 0.7052343532019123,
        "val_accuracy": 96.83634020618557,
        "val_loss": 0.08278005573053646,
        "val_IoU": 0.6642996630776415
    },
    "25": {
        "train_loss": 0.06359724371673556,
        "train_accuracy": 97.25489354395604,
        "train_IoU": 0.7036155026749972,
        "val_accuracy": 96.4819587628866,
        "val_loss": 0.08872832367388697,
        "val_IoU": 0.6363310534224855
    },
    "26": {
        "train_loss": 0.06215612741205133,
        "train_accuracy": 97.29459993131869,
        "train_IoU": 0.7033265388748927,
        "val_accuracy": 96.78801546391753,
        "val_loss": 0.08116646812863874,
        "val_IoU": 0.6774416271246773
    },
    "27": {
        "train_loss": 0.06154352419620768,
        "train_accuracy": 97.32089199862637,
        "train_IoU": 0.7082038829561366,
        "val_accuracy": 96.94265463917526,
        "val_loss": 0.07761127511711469,
        "val_IoU": 0.6776610685643418
    },
    "28": {
        "train_loss": 0.06040526368875307,
        "train_accuracy": 97.34825721153845,
        "train_IoU": 0.7144241776619205,
        "val_accuracy": 97.01353092783506,
        "val_loss": 0.08100424433203855,
        "val_IoU": 0.664662420746467
    },
    "29": {
        "train_loss": 0.06074149521697151,
        "train_accuracy": 97.32035542582418,
        "train_IoU": 0.7118856898341528,
        "val_accuracy": 97.0215850515464,
        "val_loss": 0.08103708573281003,
        "val_IoU": 0.6732169541826135
    },
    "30": {
        "train_loss": 0.059706603054079994,
        "train_accuracy": 97.35791552197803,
        "train_IoU": 0.717879089994501,
        "val_accuracy": 97.01353092783506,