{
    "1": {
        "train_loss": 0.6124296970895884,
        "train_accuracy": 81.58021907216495,
        "train_IoU": 0.23183044486289975,
        "val_accuracy": 94.19642857142857,
        "val_loss": 0.17890845375679287,
        "val_IoU": 0.35788022554232
    },
    "2": {
        "train_loss": 0.17799538303281842,
        "train_accuracy": 94.2139175257732,
        "train_IoU": 0.38024107025765985,
        "val_accuracy": 95.3998447204969,
        "val_loss": 0.13174863539127088,
        "val_IoU": 0.4101082858518491
    }
}