{
    "1": {
        "train_loss": 0.4979129772322557,
        "train_accuracy": 85.57382852729145,
        "train_IoU": 0.2811470422040958,
        "val_accuracy": 94.84568498452013,
        "val_loss": 0.15207764964216272,
        "val_IoU": 0.4020318063980291
    }
}