{
    "micro_IoU": 0.9605940386829162,
    "micro_Precision": 0.9799010093167702,
    "micro_Recall": 0.9799010093167702,
    "micro_F1-score": 0.9799010093167702,
    "MACRO_IoU": 0.7540458571426892,
    "MACRO_Precision": 0.8645462148793847,
    "MACRO_Recall": 0.8217514208702879,
    "MACRO_F1-score": 0.8409000714821859,
    "Accuracy": 0.9799010093167702
}