{
    "micro_IoU": 0.9591340059828627,
    "micro_Precision": 0.9791407867494824,
    "micro_Recall": 0.9791407867494824,
    "micro_F1-score": 0.9791407867494824,
    "MACRO_IoU": 0.7702366633309905,
    "MACRO_Precision": 0.8733271966155309,
    "MACRO_Recall": 0.8408731072057908,
    "MACRO_F1-score": 0.8555709569398584,
    "Accuracy": 0.9791407867494824
}