{
    "micro_IoU": 0.9468387969670491,
    "micro_Precision": 0.9726935773440667,
    "micro_Recall": 0.9726935773440667,
    "micro_F1-score": 0.9726935773440667,
    "MACRO_IoU": 0.6767931826561859,
    "MACRO_Precision": 0.8081453254965767,
    "MACRO_Recall": 0.7566852678333728,
    "MACRO_F1-score": 0.776493794715688,
    "Accuracy": 0.9726935773440667
}