{
    "micro_IoU": 0.9466924717443794,
    "micro_Precision": 0.9726163587575529,
    "micro_Recall": 0.9726163587575529,
    "micro_F1-score": 0.9726163587575529,
    "MACRO_IoU": 0.7092788703037813,
    "MACRO_Precision": 0.833167063277011,
    "MACRO_Recall": 0.7898182445833491,
    "MACRO_F1-score": 0.8070924073163173,
    "Accuracy": 0.9726163587575529
}