{
    "micro_IoU": 0.9371377285815788,
    "micro_Precision": 0.9675488890175865,
    "micro_Recall": 0.9675488890175865,
    "micro_F1-score": 0.9675488890175865,
    "MACRO_IoU": 0.6826162637337911,
    "MACRO_Precision": 0.8078562934762351,
    "MACRO_Recall": 0.7716506587648876,
    "MACRO_F1-score": 0.7866380061836268,
    "Accuracy": 0.9675488890175865
}