{
    "micro_IoU": 0.9435457143393136,
    "micro_Precision": 0.9709529417064021,
    "micro_Recall": 0.9709529417064021,
    "micro_F1-score": 0.9709529417064021,
    "MACRO_IoU": 0.6942599305738242,
    "MACRO_Precision": 0.8206246860589719,
    "MACRO_Recall": 0.7783148296662015,
    "MACRO_F1-score": 0.7952532324492141,
    "Accuracy": 0.9709529417064021
}