{
    "test_accuracy": 88.19144004944376,
    "test_loss": 0.41248166636357764,
    "test_IoU": 0.379683765852079
}